schema_version,seed,start,damping,torque_limit,k_v,k_d,k_p,kp_floor,kp_boundary,kd_floor,regime,n_unstable,escape_time_constant,t_max,dt,physics_dt,tube_energy,tube_angle,tube_rate,dwell_seconds,lqr_threshold,duration,captured,capture_time,retention,error_rms,error_rms_energy,error_rms_angle,error_rms_rate,orbit_distance_rms,orbit_distance_final,control_effort,saturation,lqr_time,lqr_residual_min,min_abs_energy_error,final_abs_energy_error,peak_shoulder_rate,peak_commanded_torque
1,20000,release,0.0,64.0,66.3,35.8,61.2,61.140962938182525,288.12000000000006,35.74057524497661,prop4_fast,3,0.5168600931637846,120.0,0.0005,0.0005,0.05,0.025,0.05,1.0,0.04,120.00000000039095,True,7.160999999998751,1.0,0.01269076734769489,0.011962184924541189,0.003192503804750527,0.0027874050945371626,0.020286109226136724,0.013435608336392945,222.77495676053323,0.0,inf,0.13240583746367432,0.20271862243629357,0.20271862243629357,7.039586067199707,19.695232189740715
1,20001,release,0.0,64.0,66.3,35.8,61.2,61.140962938182525,288.12000000000006,35.74057524497661,prop4_fast,3,0.5168600931637846,120.0,0.0005,0.0005,0.05,0.025,0.05,1.0,0.04,120.00000000039095,True,16.475500000006953,1.0,0.021177353407061273,0.01986486301922281,0.005636081625988116,0.004701286894062412,0.027529306139266678,0.02609404859969237,247.27404013441415,0.0,inf,0.15198342870361747,0.2748894152524315,0.2748894152524315,7.4320526123046875,17.441190059447806
1,20002,release,0.0,64.0,66.3,35.8,61.2,61.140962938182525,288.12000000000006,35.74057524497661,prop4_fast,3,0.5168600931637846,120.0,0.0005,0.0005,0.05,0.025,0.05,1.0,0.04,120.00000000039095,True,7.241999999998706,1.0,0.005300851701315484,0.004581241487995565,0.0013545685308943786,0.0022970414195477794,0.01134414907231332,0.0012319314111323113,245.3781339251547,0.0,32.81099999997464,0.007898794818355514,0.0003569234362217344,0.0083744358110458,5.727931499481201,19.374773028423718
1,20003,release,0.0,64.0,66.3,35.8,61.2,61.140962938182525,288.12000000000006,35.74057524497661,prop4_fast,3,0.5168600931637846,120.0,0.0005,0.0005,0.05,0.025,0.05,1.0,0.04,120.00000000039095,True,7.4484999999985915,1.0,0.020029386533307162,0.01879752440351655,0.005312512113861445,0.0044279358893169795,0.026429535577473608,0.004462300387372278,217.63603840489625,0.0,inf,0.14554127346899995,0.2471312348011736,0.2471312348011736,7.245258808135986,19.611523875495187
1,20004,release,0.0,64.0,66.3,35.8,61.2,61.140962938182525,288.12000000000006,35.74057524497661,prop4_fast,3,0.5168600931637846,120.0,0.0005,0.0005,0.05,0.025,0.05,1.0,0.04,120.00000000039095,True,7.115499999998776,1.0,0.00839574864812597,0.007842221414286735,0.0015396819386229899,0.0025724576147508824,0.0156875621078355,0.0006966538041893844,239.86179639940104,0.0,53.987500000075755,0.014162978062467867,0.00047137658191331866,0.0425477355870143,5.8858537673950195,19.356897109875845
1,20005,release,0.0,64.0,66.3,35.8,61.2,61.140962938182525,288.12000000000006,35.74057524497661,prop4_fast,3,0.5168600931637846,120.0,0.0005,0.0005,0.05,0.025,0.05,1.0,0.04,120.00000000039095,True,10.574500000001432,1.0,0.0205071093526851,0.019254581315200883,0.005303474359404936,0.004655726806679726,0.027293900204581376,0.010316507085084024,227.13427087792275,0.0,inf,0.1468057050329495,0.25655905819979097,0.2565591486429746,7.2927117347717285,19.5454695216253
1,20006,release,0.0,64.0,66.3,35.8,61.2,61.140962938182525,288.12000000000006,35.74057524497661,prop4_fast,3,0.5168600931637846,120.0,0.0005,0.0005,0.05,0.025,0.05,1.0,0.04,120.00000000039095,True,16.321500000007312,1.0,0.021110469652540407,0.019810153156059124,0.005595524511019076,0.004679729301027469,0.027399449904291735,0.033831186032099114,245.22925990091775,0.0,inf,0.15168256539008515,0.2738563499106945,0.2738563499106945,7.429166316986084,16.892965733913893
1,20007,release,0.0,64.0,66.3,35.8,61.2,61.140962938182525,288.12000000000006,35.74057524497661,prop4_fast,3,0.5168600931637846,120.0,0.0005,0.0005,0.05,0.025,0.05,1.0,0.04,120.00000000039095,True,16.488000000006924,1.0,0.021184537328558576,0.019871013507298443,0.005639542918616276,0.004703509294871182,0.027541454784651913,0.0254794885005984,247.4939485081528,0.0,inf,0.15202631650657084,0.27498873505012966,0.2749889854766856,7.432225704193115,17.503122210566666
1,20008,release,0.0,64.0,66.3,35.8,61.2,61.140962938182525,288.12000000000006,35.74057524497661,prop4_fast,3,0.5168600931637846,120.0,0.0005,0.0005,0.05,0.025,0.05,1.0,0.04,120.00000000039095,True,7.134999999998765,1.0,0.007910879308497988,0.007344111153662609,0.0015067164553428094,0.0025250442212898486,0.015081360873852388,0.011873288151267265,240.57038560915416,0.0,51.011500000061545,0.012833062001690345,0.0006935105822627463,0.036107784253974984,5.859813213348389,19.356237144524012
1,20009,release,0.0,64.0,66.3,35.8,61.2,61.140962938182525,288.12000000000006,35.74057524497661,prop4_fast,3,0.5168600931637846,120.0,0.0005,0.0005,0.05,0.025,0.05,1.0,0.04,120.00000000039095,True,6.947499999998869,1.0,0.011312703115583623,0.010800931788138436,0.0017813421302548343,0.0028537597138328223,0.018966378869065808,0.003883694156986074,236.65695675866272,0.0,68.52150000014515,0.019401806037336856,0.00024089788002612522,0.06839965461411524,6.120119094848633,19.405818436668472
1,20010,release,0.0,64.0,66.3,35.8,61.2,61.140962938182525,288.12000000000006,35.74057524497661,prop4_fast,3,0.5168600931637846,120.0,0.0005,0.0005,0.05,0.025,0.05,1.0,0.04,120.00000000039095,True,11.542000000002615,1.0,0.020640048327504056,0.01937863321181823,0.005435014636312406,0.0045761103250018245,0.026887461400100263,0.0034927032274442286,229.0939744691996,0.0,inf,0.14816509239567008,0.2612549231965602,0.2614223259683577,7.309237957000732,19.512863194646627
1,20011,release,0.0,64.0,66.3,35.8,61.2,61.140962938182525,288.12000000000006,35.74057524497661,prop4_fast,3,0.5168600931637846,120.0,0.0005,0.0005,0.05,0.025,0.05,1.0,0.04,120.00000000039095,True,6.793999999998954,1.0,0.008244631294536604,0.007725748851586702,0.0016321249723063773,0.002371269267677751,0.015643861829755877,0.006635158632920155,236.46707502674877,0.0,54.590500000078634,0.013479353535858697,0.00013196404505322334,0.03954428122443687,6.378546237945557,19.50218441526596
1,20012,release,0.0,64.0,66.3,35.8,61.2,61.140962938182525,288.12000000000006,35.74057524497661,prop4_fast,3,0.5168600931637846,120.0,0.0005,0.0005,0.05,0.025,0.05,1.0,0.04,120.00000000039095,True,7.164499999998749,1.0,0.012071203664944805,0.01137533817144117,0.0030191120488532682,0.0026833937173660004,0.019736370764548077,0.002649459023910262,226.93377899966754,0.0,inf,0.13037889455198826,0.2015659288014433,0.20207839035450803,6.949706077575684,19.689605325939215
1,20013,release,0.0,64.0,66.3,35.8,61.2,61.140962938182525,288.12000000000006,35.74057524497661,prop4_fast,3,0.5168600931637846,120.0,0.0005,0.0005,0.05,0.025,0.05,1.0,0.04,120.00000000039095,True,7.079999999998796,1.0,0.00924204916614607,0.00870539687058999,0.0016014074826529372,0.002658389021472672,0.01668322436736387,0.0027414312012305885,238.75832094078172,0.0,60.06150000010476,0.016275896328780726,0.00041153946051508683,0.047743387951744154,5.934307098388672,19.361318806831378
1,20014,release,0.0,64.0,66.3,35.8,61.2,61.140962938182525,288.12000000000006,35.74057524497661,prop4_fast,3,0.5168600931637846,120.0,0.0005,0.0005,0.05,0.025,0.05,1.0,0.04,120.00000000039095,True,15.324500000007237,1.0,0.020988828827100757,0.019717212475351444,0.0054096024551447755,0.00474327618977355,0.02776015167678036,0.013726768879571933,240.30019014838717,0.0,inf,0.15351409877725442,0.2698867691648772,0.2698867691648772,7.411881446838379,16.406562584037523
1,20015,release,0.0,64.0,66.3,35.8,61.2,61.140962938182525,288.12000000000006,35.74057524497661,prop4_fast,3,0.5168600931637846,120.0,0.0005,0.0005,0.05,0.025,0.05,1.0,0.04,120.00000000039095,True,15.213000000007101,1.0,0.02095696792849549,0.01968334506612336,0.005412172779079962,0.004740128434261193,0.027701283938618353,0.011365958329894552,239.62632341541658,0.0,inf,0.15329914465872357,0.26949785003919047,0.26949785003919047,7.409293174743652,16.414603566506777
1,20016,release,0.0,64.0,66.3,35.8,61.2,61.140962938182525,288.12000000000006,35.74057524497661,prop4_fast,3,0.5168600931637846,120.0,0.0005,0.0005,0.05,0.025,0.05,1.0,0.04,120.00000000039095,True,7.158499999998752,1.0,0.012151086900031942,0.011449499380498931,0.0030458179965284792,0.0026983086406313197,0.019808387714500286,0.003332609588421854,225.03754994613556,0.0,inf,0.13067006574246268,0.20148316347298234,0.20148316347298234,6.993492126464844,19.694095233142875
1,20017,release,0.0,64.0,66.3,35.8,61.2,61.140962938182525,288.12000000000006,35.74057524497661,prop4_fast,3,0.5168600931637846,120.0,0.0005,0.0005,0.05,0.025,0.05,1.0,0.04,120.00000000039095,True,15.489000000007438,1.0,0.021032072320219447,0.019761923249977165,0.005424749585882582,0.004731442430741384,0.027797957600679706,0.017896584911535854,241.16476756326426,0.0,inf,0.15384344022126667,0.2705688717041177,0.2705688717041177,7.415610313415527,16.39069957958655
1,20018,release,0.0,64.0,66.3,35.8,61.2,61.140962938182525,288.12000000000006,35.74057524497661,prop4_fast,3,0.5168600931637846,120.0,0.0005,0.0005,0.05,0.025,0.05,1.0,0.04,120.00000000039095,True,15.966500000008022,1.0,0.02106586992822869,0.019786398951430747,0.005516036518745744,0.004673610327330838,0.027302302581316065,0.031043279353125328,243.03369179985583,0.0,inf,0.154506570542782,0.27232742665083975,0.27232742665083975,7.423464298248291,16.344700561584332
1,20019,release,0.0,64.0,66.3,35.8,61.2,61.140962938182525,288.12000000000006,35.74057524497661,prop4_fast,3,0.5168600931637846,120.0,0.0005,0.0005,0.05,0.025,0.05,1.0,0.04,120.00000000039095,True,16.547000000006786,1.0,0.021217738735996295,0.019899923601442573,0.005654058970433197,0.004713501340257601,0.02759323943315746,0.023540315587884598,249.47162862609358,0.0,inf,0.15215706082789626,0.2754134031986233,0.2754136263247666,7.427110195159912,18.470608569089297
1,20020,release,0.0,64.0,66.3,35.8,61.2,61.140962938182525,288.12000000000006,35.74057524497661,prop4_fast,3,0.5168600931637846,120.0,0.0005,0.0005,0.05,0.025,0.05,1.0,0.04,120.00000000039095,True,15.630500000007611,1.0,0.021053480170968083,0.0197829466433152,0.005447924864651845,0.004712129464074427,0.027727136822537093,0.021694087170039338,241.7744136199724,0.0,inf,0.15407294369173966,0.2711381648882032,0.27113866953154897,7.418333053588867,16.376471673553173
1,20021,release,0.0,64.0,66.3,35.8,61.2,61.140962938182525,288.12000000000006,35.74057524497661,prop4_fast,3,0.5168600931637846,120.0,0.0005,0.0005,0.05,0.025,0.05,1.0,0.04,120.00000000039095,True,15.743000000007749,1.0,0.021063020832816505,0.019791257793335668,0.005463159815971285,0.004702217177731041,0.027625044828747312,0.02171315615294715,246.43647847383423,0.0,inf,0.15417796308133316,0.27150021719599593,0.2715008945183328,7.3974151611328125,19.10271984061691
1,20022,release,0.0,64.0,66.3,35.8,61.2,61.140962938182525,288.12000000000006,35.74057524497661,prop4_fast,3,0.5168600931637846,120.0,0.0005,0.0005,0.05,0.025,0.05,1.0,0.04,120.00000000039095,True,7.217999999998719,1.0,0.01315798132874086,0.012417574491032955,0.0032884026531455187,0.0028500393677853386,0.02068613154138542,0.02069769449448995,229.1892332628709,0.0,inf,0.13373446705711925,0.20628972754864705,0.20628972754864705,6.853952884674072,19.671139139907666
1,20023,release,0.0,64.0,66.3,35.8,61.2,61.140962938182525,288.12000000000006,35.74057524497661,prop4_fast,3,0.5168600931637846,120.0,0.0005,0.0005,0.05,0.025,0.05,1.0,0.04,120.00000000039095,True,16.12500000000777,1.0,0.02107403732746634,0.0197865640080298,0.005550195936315621,0.004669288929172187,0.02730012212960649,0.03663158608331593,243.7716847892607,0.0,inf,0.1546314989694038,0.2729188495191508,0.2729188495191508,7.4257965087890625,16.476222972161914
1,20024,release,0.0,64.0,66.3,35.8,61.2,61.140962938182525,288.12000000000006,35.74057524497661,prop4_fast,3,0.5168600931637846,120.0,0.0005,0.0005,0.05,0.025,0.05,1.0,0.04,120.00000000039095,True,7.229999999998713,1.0,0.005571991348674762,0.0048787083106051985,0.0013681602941740367,0.0023180660515144487,0.011792011024310163,0.002003807320909401,244.8083315815073,0.0,32.58199999997355,0.007632481450375427,0.0005242742783337917,0.012809958394839782,5.741446018218994,19.371149412971786
1,20025,release,0.0,64.0,66.3,35.8,61.2,61.140962938182525,288.12000000000006,35.74057524497661,prop4_fast,3,0.5168600931637846,120.0,0.0005,0.0005,0.05,0.025,0.05,1.0,0.04,120.00000000039095,True,14.95050000000678,1.0,0.020972335348288813,0.019686844625491053,0.0054805886610899855,0.004714885638145473,0.02760122586638265,0.008722098722766622,238.22208345325018,0.0,inf,0.15297357598790917,0.2691214114361955,0.2691214114361955,7.405668258666992,16.42023051812169
1,20026,release,0.0,64.0,66.3,35.8,61.2,61.140962938182525,288.12000000000006,35.74057524497661,prop4_fast,3,0.5168600931637846,120.0,0.0005,0.0005,0.05,0.025,0.05,1.0,0.04,120.00000000039095,True,16.324500000007305,1.0,0.021111119210790518,0.0198106091247315,0.005596172668591803,0.0046799542628768905,0.02740133040618936,0.03370103135192013,245.25765600564193,0.0,inf,0.15167178897244601,0.2738716690227143,0.2738716690227143,7.429216384887695,16.90016654826503
1,20027,release,0.0,64.0,66.3,35.8,61.2,61.140962938182525,288.12000000000006,35.74057524497661,prop4_fast,3,0.5168600931637846,120.0,0.0005,0.0005,0.05,0.025,0.05,1.0,0.04,120.00000000039095,True,8.002499999998289,1.0,0.02037662146611351,0.01913125011459115,0.0053010885359910855,0.004593520627995241,0.02694213641285316,0.011575655112646974,218.60744385709,0.0,inf,0.14683546676581416,0.24782166994734922,0.24782166994734922,7.25880765914917,19.59598259583569
1,20028,release,0.0,64.0,66.3,35.8,61.2,61.140962938182525,288.12000000000006,35.74057524497661,prop4_fast,3,0.5168600931637846,120.0,0.0005,0.0005,0.05,0.025,0.05,1.0,0.04,120.00000000039095,True,15.108500000006973,1.0,0.020941157582736767,0.01966440146659797,0.005428415273955228,0.004730296341558593,0.02764681485970869,0.00979630468121744,238.98997289922207,0.0,inf,0.15311375390478554,0.26925730265713455,0.26925730265713455,7.407265663146973,16.418758679397655
1,20029,release,0.0,64.0,66.3,35.8,61.2,61.140962938182525,288.12000000000006,35.74057524497661,prop4_fast,3,0.5168600931637846,120.0,0.0005,0.0005,0.05,0.025,0.05,1.0,0.04,120.00000000039095,True,6.833499999998932,1.0,0.01043352849318476,0.009930706046468481,0.001764841711943316,0.002669256070240835,0.018056071889383133,0.0010764960304768748,236.55962459969447,0.0,66.10950000013364,0.017424432028605975,0.00029507737132661305,0.06304863059390087,6.28718376159668,19.466055589944776
1,20030,release,0.0,64.0,66.3,35.8,61.2,61.140962938182525,288.12000000000006,35.74057524497661,prop4_fast,3,0.5168600931637846,120.0,0.0005,0.0005,0.05,0.025,0.05,1.0,0.04,120.00000000039095,True,16.53250000000682,1.0,0.021206197609135547,0.019889833972841074,0.005649153773860824,0.0047100300646383585,0.027575173033899905,0.024529225463252327,249.3848587435144,0.0,inf,0.15209907156285415,0.2752668552160955,0.2752668552160955,7.425528526306152,18.546651344846826
1,20031,release,0.0,64.0,66.3,35.8,61.2,61.140962938182525,288.12000000000006,35.74057524497661,prop4_fast,3,0.5168600931637846,120.0,0.0005,0.0005,0.05,0.025,0.05,1.0,0.04,120.00000000039095,True,6.83799999999893,1.0,0.010555140085148967,0.010052180446052933,0.0017716153799803571,0.00268812749744625,0.018182783529336038,0.000847058931491355,236.5525166683591,0.0,65.98250000013303,0.0177001688479824,0.0002249601970802928,0.06354949273995558,6.279467582702637,19.46305617463606
