rollout/acrobot_xk_applied_torque,rollout/acrobot_xk_elbow_norm,rollout/acrobot_xk_elbow_rate_norm,rollout/acrobot_xk_energy_error_norm,rollout/acrobot_xk_homoclinic_capture,rollout/acrobot_xk_lyapunov,rollout/acrobot_xk_lyapunov_rate,time/fps,time/time_elapsed,time/total_timesteps,train/learning_rate,train/actor_loss,train/alpha,train/critic_loss,train/fraction,train/n_updates,rollout/ep_len_mean,rollout/ep_rew_mean,eval/best_strict_capture_mean_max_duration,eval/best_strict_capture_success_rate,eval/mean_ep_length,eval/mean_reward,eval/std_reward,eval/strict_capture_mean_max_duration,eval/strict_capture_success_rate
-0.3236432155808146,-0.0005732858901228339,0.024759719937863803,-0.9929754361537687,0.0,1192.4648439386835,49.297523256300444,2042,0,2000,0.0003,,,,,,,,,,,,,,
-0.19515433424268877,-0.04012230618072695,-0.028894569309780956,-0.9927543189101201,0.0,1197.6871313200074,18.210802949507997,2094,1,4000,0.0003,,,,,,,,,,,,,,
-0.1778119168581905,0.005957131256600446,0.04566207724234117,-0.9942357007504798,0.0,1194.2239568286775,29.834478419519154,2119,2,6000,0.0003,,,,,,,,,,,,,,
0.4545973842602691,0.02914238031551048,-0.06538985093022542,-0.9951477582218321,0.0,1194.5105688631802,40.665492806161474,2128,3,8000,0.0003,,,,,,,,,,,,,,
-0.06857827435909729,-0.007010201829707002,0.03964130374693299,-0.9937850692310146,0.0,1199.6806362303075,50.96485836446053,1458,6,10000,0.0003,-0.08201473951339722,0.05000000074505806,723482.0,4.440292835235596,1,,,,,,,,,
-19.90331476449968,-0.17882524147606918,-1.9741648297607781,-0.11839023379203983,0.0,2477.3414063220034,20094.573259001263,170,70,12000,0.0003,-75948.703125,0.05000000074505806,16334495.0,30554.90234375,2001,11287.0,6573817.841183,,,,,,,
-4.746209503412245,0.25230296656667806,-1.2902729767917707,-0.2510039530851336,0.0,1564.5102086015952,13298.28612189424,102,136,14000,0.0003,-452007.90625,0.05000000074505806,133499104.0,102294.8671875,4001,6691.0,3922935.269346,,,,,,,
-20.0,0.012530577043461196,-2.2119647830921947,0.24306754260532526,0.0,3204.2769783909034,39676.65182836747,78,203,16000,0.0003,-2518774.75,0.05000000074505806,33479819264.0,989261.5,6001,4905.666666666667,2820120.083749667,,,,,,,
-20.0,-0.17254230606487814,-1.9848969826734864,-0.12858234210696645,0.0,2569.605572896362,21803.15934157937,66,269,18000,0.0003,-8009893.5,0.05000000074505806,314750107648.0,2738191.5,8001,3464.8,1923017.4356454,,,,,,,
-20.0,0.05126013420780548,-2.2165821145204623,0.21861525257919082,0.0,3333.145088700248,40734.04549256621,59,336,20000,0.0003,-21480628.0,0.05000000074505806,3235767648256.0,5860525.0,10001,2841.4285714285716,1533626.692745,,,,,,,
-20.0,-0.22743690095899288,-2.000759957473716,-0.0644263643065641,0.0,2441.971049052599,19497.536981861867,54,402,22000,0.0003,-44266180.0,0.05000000074505806,23028951941120.0,14921003.0,12001,2647.5,1412604.67532575,,,,,,,
-20.0,0.09570286806064957,-2.205473272543757,0.15418992588487374,0.0,3358.2270792845957,41961.53342116991,51,469,24000,0.0003,-83934904.0,0.05000000074505806,106939736391680.0,33320036.0,14001,2379.5,1247034.2478779,,,,,,,
-20.0,-0.17288798123211205,-2.02997269725292,-0.007902830948952385,0.0,2468.784956872229,19546.315806729257,48,536,26000,0.0003,-132703280.0,0.05000000074505806,214326216491008.0,52829416.0,16001,2280.818181818182,1185362.1079895454,,,,,,,
-20.0,0.03545629267220646,-2.1957868710842834,0.08571966459387882,0.0,3306.8970575444364,39958.83608732428,46,602,28000,0.0003,-207092080.0,0.05000000074505806,498867195871232.0,78646704.0,18001,2130.5384615384614,1091995.2090260768,,,,,,,
-20.0,-0.11656154874783634,-2.034585048467781,0.0751803107269643,0.0,2523.2569716899243,21266.71907800318,44,669,30000,0.0003,-281143040.0,0.05000000074505806,1081755025014784.0,112298088.0,20001,2069.285714285714,1053553.8404569286,,,,,,,
-20.0,-0.027440964680951738,-2.1655617978058053,0.03580348791652928,0.0,3273.2538476986683,39868.944708123185,43,736,32000,0.0003,-404206368.0,0.05000000074505806,1868125284859904.0,161368464.0,22001,1975.3125,996062.4710698125,,,,,,,
-20.0,-0.0904642141220969,-2.007409127740872,0.08360710887867065,0.0,2482.969726633907,21736.598504148093,42,803,34000,0.0003,-532380416.0,0.05000000074505806,2.9733581848838144e+16,209800064.0,24001,1936.235294117647,971844.5103594118,,,,,,,
-20.0,-0.05358890496679712,-2.154950244501965,0.007242796192996722,0.0,3228.840030175479,39116.39945181328,41,870,36000,0.0003,-613057664.0,0.05000000074505806,6301100885934080.0,255934224.0,26001,1871.3684210526317,932298.6836521053,,,,,,,
-20.0,-0.08305238087059075,-1.9690669702656731,0.12133352628239222,0.0,2434.4819619409636,22544.159554107737,40,936,38000,0.0003,-834163968.0,0.05000000074505806,1.2225482674143232e+16,333419232.0,28001,1843.7,915327.8355150002,,,,,,,
-20.0,-0.06569091068694119,-2.208619475990543,0.004269341098267354,0.0,3287.812420909751,39418.35647898267,39,1003,40000,0.0003,-1043098944.0,0.05000000074505806,1.0019273938305024e+17,373553024.0,30001,1796.1363636363637,886470.7762488638,,,,,,,
-20.0,-0.037984394537110895,-2.036417636581769,0.18783748272387865,0.0,2634.0222625621,25139.505205364214,39,1070,42000,0.0003,-1272226176.0,0.05000000074505806,2.2731762954141696e+16,485846304.0,32001,1773.3478260869565,871988.4865239131,,,,,,,
-20.0,-0.12135581355396005,-2.1690299983739845,-0.0369830743970289,0.0,3169.9975852546713,36983.13156951587,38,1137,44000,0.0003,-1488265216.0,0.05000000074505806,3.2338586888044544e+16,551463872.0,34001,1736.08,849201.08929772,,,,,,,
-20.0,0.015619485317077986,-2.2350402524643402,0.23217096205121932,0.0,3237.1799927835614,39027.09049894864,38,1204,46000,0.0003,-1669675264.0,0.05000000074505806,3.908802491449344e+16,682361536.0,36001,1719.3846153846155,838679.4561743847,,,,,,,
-20.0,-0.16467805962607543,-1.918794630513303,-0.10277882886415463,0.0,2461.3910387791784,22639.10450936005,37,1271,48000,0.0003,-1976946944.0,0.05000000074505806,5.379497218854093e+16,809669504.0,38001,1690.892857142857,821529.5269715714,,,,,,,
-20.0,0.020379973831098273,-2.1777542186299628,0.24945191911937883,0.0,3172.54240287312,40964.37157526602,37,1338,50000,0.0003,-2378822144.0,0.05000000074505806,9.128446181507072e+16,884643264.0,40001,1678.655172413793,814470.2334300345,,,,,,,
-20.0,-0.16970334558634223,-1.97030547837721,-0.08976461324285945,0.0,2572.2077947285234,23942.79141283864,36,1405,52000,0.0003,-2642169600.0,0.05000000074505806,8.31180281783255e+16,1085225216.0,42001,1656.483870967742,801618.9244148709,,,,,,,
-20.0,0.041509693780544116,-2.208426647608328,0.21500372413012786,0.0,3310.4967423367452,40111.68400464582,36,1473,54000,0.0003,-2896156416.0,0.05000000074505806,8.583584053356134e+16,1147532672.0,44001,1633.939393939394,787073.9127513334,,,,,,,
-20.0,-0.20745850998584428,-1.985184641253347,-0.09161433696745129,0.0,2455.1011489085536,20799.462070546466,36,1540,56000,0.0003,-3455748096.0,0.05000000074505806,1.4645137540697293e+17,1263256704.0,46001,1624.9117647058824,781707.0752706471,,,,,,,
-20.0,0.0772991714585916,-2.1981665223107743,0.1659780990316529,0.0,3303.959722535784,40417.17074866274,36,1607,58000,0.0003,-3955343360.0,0.05000000074505806,2.1284382168213094e+17,1433573632.0,48001,1606.6944444444443,769992.750247861,,,,,,,
-20.0,-0.1817779242728296,-2.0523589759401477,-0.0019259378218099699,0.0,2511.9582341997716,20058.597201788558,35,1676,60000,0.0003,-4656375296.0,0.05000000074505806,3.3089967364662886e+17,1594416000.0,50001,1597.8108108108108,764238.9556576486,,,,,,,
-20.0,0.04742110646964471,-2.1824277380834287,0.1134724480281,0.0,3314.757896747462,41242.7912541421,35,1744,62000,0.0003,-5236845056.0,0.05000000074505806,4.409543279561933e+17,1938484352.0,52001,1582.8461538461538,754961.0900453846,,,,,,,
-20.0,-0.12176887454765883,-2.0596853114686313,0.08744209018430943,0.0,2544.193487746774,21249.317807989453,35,1813,64000,0.0003,-5722359808.0,0.05000000074505806,4.6568402809205555e+17,2179645440.0,54001,1575.125,749941.4256209001,,,,,,,
-20.0,-0.022594282534609766,-2.194147119955014,0.02955523070681134,0.0,3306.633997546054,38751.03345168806,35,1883,66000,0.0003,-6391791104.0,0.05000000074505806,6.863720577845166e+17,2330341888.0,56001,1561.4761904761904,741128.6109495477,,,,,,,
-20.0,-0.0781550338673249,-2.0233361377348054,0.11306496899673946,0.0,2531.73678270052,23069.91536178843,34,1953,68000,0.0003,-7028832768.0,0.05000000074505806,5.905152596854702e+17,2539605504.0,58001,1556.0,737917.8410203954,,,,,,,
-20.0,-0.0757103864534219,-2.19215039156238,0.009879697714575057,0.0,3245.8125994565457,37692.94818778451,34,2024,70000,0.0003,-7792617984.0,0.05000000074505806,7.547783111455539e+17,2649537024.0,60001,1543.911111111111,730061.9854547778,,,,,,,
-20.0,-0.02236926555710019,-2.0952183135484588,0.18744575037764707,0.0,2755.299689333253,27192.566022629486,34,2095,72000,0.0003,-8747037696.0,0.05000000074505806,1.1833403184229908e+18,3085125376.0,62001,1539.1521739130435,727271.7270339131,,,,,,,
-20.0,-0.14379238754902846,-2.1391893470967784,-0.046052289665734394,0.0,3034.670024392034,33752.681888035295,34,2166,74000,0.0003,-8918429696.0,0.05000000074505806,7.695614923711185e+18,3394805248.0,64001,1528.4583333333333,720304.7031952292,,,,,,,
-20.0,0.024242835719939213,-2.2083587080512657,0.26807127946031833,0.0,3284.463757957609,41974.41043057051,33,2238,76000,0.0003,-10110058496.0,0.05000000074505806,8.746434679051125e+18,3724440832.0,66001,1519.86,715225.57314934,,,,,,,
-20.0,-0.1780835233691192,-1.952730397650885,-0.136798476446299,0.0,2450.1697850058918,19914.76187230187,33,2310,78000,0.0003,-10795863040.0,0.05000000074505806,1.2564737845886976e+18,3840147456.0,68001,1515.5882352941176,712475.3542479215,,,,,,,
-20.0,0.05056559683553915,-2.192422058977783,0.20292124177648901,0.0,3285.0490299650573,40677.20799117366,33,2382,80000,0.0003,-11494435840.0,0.05000000074505806,2.0700637357534085e+18,4534714368.0,70001,1507.7735849056603,707628.9675621886,,,,,,,
-20.0,-0.20469904733739747,-1.966028403618757,-0.07094010964471263,0.0,2447.553167924357,21823.3028439968,33,2455,82000,0.0003,-12284106752.0,0.05000000074505806,1.3801664787634979e+19,4665598976.0,72001,1504.6666666666667,706039.4709937779,,,,,,,
-20.0,0.06812235294758166,-2.1869957203184742,0.178324787709714,0.0,3298.9178284409486,40915.97866853506,33,2527,84000,0.0003,-13200141312.0,0.05000000074505806,2.4124926134509896e+18,4756536832.0,74001,1497.642857142857,701650.7687111787,,,,,,,
-20.0,-0.2237200363323251,-1.970802309766926,-0.05110861485592113,0.0,2403.7130215737443,20377.938954504763,33,2601,86000,0.0003,-14305108992.0,0.05000000074505806,2.297004447554863e+18,4720161792.0,76001,1494.6491228070176,699933.9998714913,,,,,,,
-20.0,0.08070969303444583,-2.1529980823019588,0.19464155410703743,0.0,3311.98745881355,43881.07241512311,32,2675,88000,0.0003,-16503155712.0,0.05000000074505806,3.4979126253275054e+18,5863148544.0,78001,1489.3050847457628,697141.4078599662,,,,,,,
-20.0,-0.22331286858076219,-1.969800708720357,-0.04966235040020995,0.0,2415.5382874732086,20876.34290036775,32,2749,90000,0.0003,-17079541760.0,0.05000000074505806,2.4377672521654206e+19,5670481920.0,80001,1486.7,695720.9775808501,,,,,,,
-20.0,0.08454101494910932,-2.194404282993352,0.1642083574280023,0.0,3347.310534144633,42179.56571303496,32,2824,92000,0.0003,-18315786240.0,0.05000000074505806,4.526748745181692e+18,6710633984.0,82001,1481.1129032258063,692327.1815782259,,,,,,,
-20.0,-0.2103704334326964,-2.005590126906562,-0.03832062415062689,0.0,2440.5786868698915,19259.15110930462,32,2898,94000,0.0003,-19605798912.0,0.05000000074505806,4.720637175379526e+18,7157785600.0,84001,1478.1746031746031,690382.9744134605,,,,,,,
-20.0,0.07586684071504021,-2.2027642019052154,0.1118100187473141,0.0,3331.409074081409,40858.868857272064,32,2973,96000,0.0003,-21250686976.0,0.05000000074505806,5.319502676122141e+18,8132471808.0,86001,1473.0461538461539,687167.545306354,,,,,,,
-20.0,-0.14438378832667476,-2.0332830503249193,0.03739680955288266,0.0,2500.4858472439664,20411.928055158747,32,3049,98000,0.0003,-20877363200.0,0.05000000074505806,5.490677395113378e+18,8587229184.0,88001,1470.090909090909,685191.8414278941,,,,,,,
-20.0,0.004239146562836843,-2.1924291738129287,0.045722148700370155,0.0,3307.111306091569,39202.87685442182,,,100000,0.0003,-24384094208.0,0.05000000074505806,9.415867935576031e+18,8687752192.0,90000,,,0.0,0.0,40000.0,-144228840503.81796,10459522902.554049,0.0,0.0
,,,,,,,23,4244,100000,0.0003,-24359985152.0,0.05000000074505806,8.402560218440925e+18,8777152512.0,90001,1465.2941176470588,682115.0081718089,,,,,,,
-20.0,-0.11796083020160518,-1.9725218760862575,0.0798525531859756,0.0,2401.8217534395385,20895.708063302704,23,4317,102000,0.0003,-25218349056.0,0.05000000074505806,5.175418384323025e+19,8643512320.0,92001,1462.8695652173913,680514.4936208407,,,,,,,
-20.0,-0.025389500676822392,-2.1801097818910313,0.03474285191889809,0.0,3324.6240054596956,41348.78762322248,23,4391,104000,0.0003,-27004168192.0,0.05000000074505806,9.568810002999673e+18,9942654976.0,94001,1459.1971830985915,678573.693018817,,,,,,,
-20.0,-0.07914890764039978,-2.0377376992686553,0.1098964746696727,0.0,2533.2833999787936,22294.487747129715,23,4464,106000,0.0003,-29373474816.0,0.05000000074505806,1.3985818691636298e+19,10887148544.0,96001,1457.1527777777778,677282.6227970417,,,,,,,
-20.0,-0.07182613139684452,-2.162199866449723,0.022301791738776715,0.0,3214.8436321231734,39385.072582310364,23,4538,108000,0.0003,-30085300224.0,0.05000000074505806,1.4180492722892177e+19,10861099008.0,98001,1453.2027027027027,674911.8408155676,,,,,,,
-20.0,-0.028981544384442,-2.116298507104096,0.1989367430163285,0.0,2785.7876679451742,26419.345724673585,23,4612,110000,0.0003,-33857542144.0,0.05000000074505806,8.93397178033111e+19,11047048192.0,100001,1450.7866666666666,673290.20935856,,,,,,,
-20.0,-0.13614253557082207,-2.1273742837583782,-0.06151350288959204,0.0,3042.764398820008,33896.45521976556,23,4686,112000,0.0003,-35631628288.0,0.05000000074505806,1.724631487068976e+19,12149148672.0,102001,1446.4545454545455,670370.4870498573,,,,,,,
-20.0,0.01807938565284918,-2.1990051761763025,0.2297561198058342,0.0,3165.967361770626,39054.907654875366,23,4760,114000,0.0003,-35821285376.0,0.05000000074505806,1.7308131613426582e+19,12803382272.0,104001,1444.7179487179487,669271.1294277821,,,,,,,
-20.0,-0.17354355412070624,-1.9788989565167578,-0.11854362133410011,0.0,2550.8741592718366,21331.136823021538,23,4834,116000,0.0003,-38664589312.0,0.05000000074505806,1.7387122727789265e+19,13846451200.0,106001,1441.2375,667057.9133920625,,,,,,,
-20.0,0.03830364641682792,-2.179506377686118,0.2548111893519022,0.0,3281.451878267292,43156.319330294515,24,4909,118000,0.0003,-41821925376.0,0.05000000074505806,2.402262262485929e+19,14961311744.0,108001,1438.658536585366,665813.6837146708,,,,,,,
-20.0,-0.1911317187780967,-1.9767859482143777,-0.10794878884646654,0.0,2457.4719415369304,20023.56226877833,24,4983,120000,0.0003,-42756677632.0,0.05000000074505806,2.3329068282244235e+19,15760744448.0,110001,1436.8433734939758,664581.7391203736,,,,,,,
-20.0,0.057548646706251906,-2.1615161770318023,0.2156533888258823,0.0,3275.150780756032,42620.81971950476,24,5057,122000,0.0003,-44990365696.0,0.05000000074505806,2.281351167802658e+19,15991671808.0,112001,1434.3647058823528,663310.5364293883,,,,,,,
-20.0,-0.21822453259152824,-2.021523845809461,-0.08415733207827093,0.0,2488.8170445244964,19899.307555222338,24,5132,124000,0.0003,-46807486464.0,0.05000000074505806,2.584112469724732e+19,15880101888.0,114001,1432.7674418604652,662230.4126706979,,,,,,,
-20.0,0.09210957088669404,-2.202331567670314,0.14659948311353868,0.0,3325.487990632817,40410.93918804878,24,5206,126000,0.0003,-46529306624.0,0.05000000074505806,2.844978860191331e+19,17431214080.0,116001,1429.5454545454545,660042.2527968069,,,,,,,
-20.0,-0.17381228795027176,-2.0311608650549773,-0.006256989182914713,0.0,2478.736765253049,19636.588969775334,24,5280,128000,0.0003,-51232526336.0,0.05000000074505806,3.701668182824164e+19,18483724288.0,118001,1427.9325842696628,658946.2344049214,,,,,,,
-20.0,0.0388912592023176,-2.1959881328309825,0.0783890050074432,0.0,3313.914082574566,39428.609839635836,24,5355,130000,0.0003,-56651005952.0,0.05000000074505806,4.1152512408307106e+19,19546505216.0,120001,1425.098901098901,657049.1408574507,,,,,,,
-20.0,-0.16870198031032843,-1.940779079270368,0.059764745218696284,0.0,2358.5983355027797,21503.191938307322,24,5429,132000,0.0003,-59516821504.0,0.05000000074505806,5.346943957474686e+19,20666789888.0,122001,1424.0869565217392,656543.3478005001,,,,,,,
-20.0,0.025922556971460346,-2.181517718925769,0.08636348887871693,0.0,3357.2615812739427,42918.540688657195,24,5504,134000,0.0003,-62302801920.0,0.05000000074505806,5.374345106652817e+19,21581629440.0,124001,1422.1914893617022,655661.1247286809,,,,,,,
-20.0,-0.1608230208761843,-1.9563093770217088,0.04657260508391985,0.0,2389.970053360484,21615.042735063176,24,5578,136000,0.0003,-64859602944.0,0.05000000074505806,6.8343434963207586e+19,23271548928.0,126001,1421.2526315789473,655208.3404612737,,,,,,,
-20.0,0.016841606146787275,-2.1948676956321274,0.06871952729758928,0.0,3334.8701663591387,41168.24957601356,24,5653,138000,0.0003,-64079241216.0,0.05000000074505806,3.460285798108732e+19,22437163008.0,128001,1419.2680412371135,654102.0399549073,,,,,,,
-20.0,-0.10340428995377686,-2.034880620320321,0.07914674298185159,0.0,2512.1954409082878,21186.816461320195,24,5727,140000,0.0003,-66841026560.0,0.05000000074505806,4.7782127719145275e+19,25230561280.0,130001,1417.8877551020407,653153.1607371634,,,,,,,
-20.0,-0.04464260503580512,-2.2048753692470364,0.012122434313392412,0.0,3295.415552325544,38029.729539592445,24,5802,142000,0.0003,-72510578688.0,0.05000000074505806,6.629596839042823e+19,25529989120.0,132001,1415.42,651458.3038517401,,,,,,,
-20.0,-0.04429857603211538,-2.066227757965446,0.14383196535832243,0.0,2632.639143369394,23737.253450974164,24,5877,144000,0.0003,-73696067584.0,0.05000000074505806,6.983771524582028e+19,27697489920.0,134001,1315.53,591438.07949213,,,,,,,
-20.0,-0.1082766787920435,-2.134068207002337,-0.03547945664836952,0.0,3114.9046227442795,36808.97916779943,24,5951,146000,0.0003,-79595864064.0,0.05000000074505806,9.216294700409107e+19,28689985536.0,136001,1307.47,584327.1476582101,,,,,,,
-20.0,-0.01750733302223797,-2.0610441469540204,0.20529953919972266,0.0,2712.2973204387545,27022.077567920347,24,6026,148000,0.0003,-80547577856.0,0.05000000074505806,9.188044288449682e+19,28808429568.0,138001,1307.37,584250.7224673801,,,,,,,
-20.0,-0.13382539304145863,-2.106438572883289,-0.06828372282176347,0.0,3038.562294047365,35680.32999122405,24,6101,150000,0.0003,-88545853440.0,0.05000000074505806,6.182804747557441e+20,31364712448.0,140001,1307.99,584968.6599339499,,,,,,,
-20.0,0.008553431508117144,-2.15071789429098,0.22859323683353155,0.0,2996.0539737838058,34707.9221484041,24,6175,152000,0.0003,-88416509952.0,0.05000000074505806,1.479231750748441e+20,32547909632.0,142001,1308.1,585046.62615095,,,,,,,
-20.0,-0.16962069030104188,-2.0444676661471584,-0.09464501826195583,0.0,2768.9798309235925,26498.09311449558,24,6250,154000,0.0003,-91733950464.0,0.05000000074505806,9.731575107305865e+19,30344036352.0,144001,1308.0,584974.35706062,,,,,,,
-20.0,0.039546694137988364,-2.181103337441758,0.2421993795014532,0.0,3261.9374649913666,41981.79720024391,24,6325,156000,0.0003,-97046855680.0,0.05000000074505806,1.503889134630155e+20,34309761024.0,146001,1308.74,585764.82795619,,,,,,,
-20.0,-0.20658132259450598,-2.023663922553777,-0.07222231085443208,0.0,2512.3795467641166,20641.12727618961,24,6399,158000,0.0003,-100404101120.0,0.05000000074505806,1.7426796625756632e+20,36834418688.0,148001,1308.61,585667.69587862,,,,,,,
-20.0,0.08486069329052291,-2.19483886749376,0.15486390768946812,0.0,3337.5122005792687,40664.84957463774,24,6474,160000,0.0003,-103357579264.0,0.05000000074505806,1.2228031211529411e+20,37400821760.0,150001,1308.5,585525.09992082,,,,,,,
-20.0,-0.2100771362240584,-1.9997919850783765,-0.04261483272668644,0.0,2431.609786805683,19428.526615232582,24,6549,162000,0.0003,-109649567744.0,0.05000000074505806,1.262992294249549e+20,38892478464.0,152001,1308.57,585602.49000162,,,,,,,
-20.0,0.07360025383578352,-2.1635062614963467,0.12561437629580816,0.0,3294.0934145301103,41621.16858592185,24,6624,164000,0.0003,-107305271296.0,0.05000000074505806,1.3082145917734643e+20,40919703552.0,154001,1308.58,585599.4114249799,,,,,,,
-20.0,-0.18220454739645225,-2.0044497027119794,0.0019380579298297015,0.0,2448.533795411541,20828.29843775393,24,6699,166000,0.0003,-117922217984.0,0.05000000074505806,1.6409225882138313e+20,42524794880.0,156001,1308.77,585832.85211024,,,,,,,
-20.0,0.04431775237778529,-2.179242714631088,0.08962022176247932,0.0,3315.5686660514743,40341.81735756472,24,6774,168000,0.0003,-117605728256.0,0.05000000074505806,1.1589867274050082e+21,42281639936.0,158001,1308.42,585440.44600423,,,,,,,
-20.0,-0.1498448119122891,-2.0022411117909065,0.023310582489411574,0.0,2445.1666685026557,20663.12902624909,24,6848,170000,0.0003,-119857553408.0,0.05000000074505806,1.2203039752034714e+20,43081998336.0,160001,1308.24,585192.16866918,,,,,,,
-20.0,0.008961873742622296,-2.2111434543506934,0.057454493289385226,0.0,3338.0814943615283,39100.35232452374,24,6923,172000,0.0003,-137833005056.0,0.05000000074505806,3.6775628945170817e+21,46444494848.0,162001,1308.4,585283.72297684,,,,,,,
-20.0,-0.09647806536717084,-2.0218944121294586,0.08502762596590539,0.0,2500.0791545830502,21858.252601638917,24,6998,174000,0.0003,-133305368576.0,0.05000000074505806,1.7253740532419107e+20,45194780672.0,164001,1308.21,585025.02908903,,,,,,,
-20.0,-0.04756619240162467,-2.1483300912856453,0.029796207864226862,0.0,3234.3375696029907,39812.14739326886,24,7073,176000,0.0003,-134544572416.0,0.05000000074505806,1.9261976530319416e+20,46036221952.0,166001,1308.69,585539.4857214299,,,,,,,
-20.0,-0.07094003546117897,-2.0353178637086176,0.1377817977809437,0.0,2562.105868368961,23802.668534194137,24,7148,178000,0.0003,-142612103168.0,0.05000000074505806,2.7468238738830236e+20,49415102464.0,168001,1308.99,585890.8153592199,,,,,,,
-20.0,-0.07779574697155069,-2.1562022926892372,-0.0226142641881154,0.0,3190.9062336830516,37288.949126864245,24,7223,180000,0.0003,-150697017344.0,0.05000000074505806,2.7464994739723646e+20,52000374784.0,170001,1308.14,584911.6313495398,,,,,,,
-20.0,-0.04679343551455872,-2.0214103886987376,0.1485758659690268,0.0,2598.7143611687375,25083.337033167445,24,7298,182000,0.0003,-154299203584.0,0.05000000074505806,3.113810596674656e+20,55684718592.0,172001,1308.17,584944.53557369,,,,,,,
-20.0,-0.11171084096773148,-2.1853652806084973,-0.013882039926451071,0.0,3193.481995851182,36905.025090882475,24,7373,184000,0.0003,-163534209024.0,0.05000000074505806,2.014650671882056e+21,58541215744.0,174001,1307.9,584604.96857017,,,,,,,
-20.0,0.0040595867763939955,-2.1329359331482904,0.21556144459260496,0.0,2925.275008550834,32451.056459543328,24,7447,186000,0.0003,-165136990208.0,0.05000000074505806,2.8781418021427295e+20,55769268224.0,176001,1307.92,584621.97619859,,,,,,,
-20.0,-0.157851682720116,-2.0374863128017404,-0.09188494275166502,0.0,2798.1871998421325,29337.58153186544,24,7522,188000,0.0003,-173963870208.0,0.05000000074505806,2.3399673465402336e+21,58936377344.0,178001,1308.2,584947.1039728,,,,,,,
-20.0,0.033506635542774055,-2.22040379675611,0.22361548986122287,0.0,3306.234372058865,39863.06680161169,25,7597,190000,0.0003,-173875937280.0,0.05000000074505806,4.042972864857925e+20,63657369600.0,180001,1308.27,584991.4175166901,,,,,,,
-20.0,-0.21120294352467325,-2.018155519178436,-0.081914983915655,0.0,2507.162123124678,20399.235503806765,25,7672,192000,0.0003,-179530661888.0,0.05000000074505806,4.814279040289766e+20,67038871552.0,182001,1308.23,584962.64391234,,,,,,,
-20.0,0.08737335730941267,-2.205740486033019,0.1590469601811799,0.0,3328.4329198474825,40592.16514440846,25,7747,194000,0.0003,-182111633408.0,0.05000000074505806,4.142824705471147e+20,64773394432.0,184001,1308.01,584681.15533495,,,,,,,
-20.0,-0.1841348643558006,-2.023367046859431,-0.022919828825681162,0.0,2464.9293778728065,19441.266610695566,25,7822,196000,0.0003,-200995946496.0,0.05000000074505806,5.306454925566951e+20,66183663616.0,186001,1308.21,584826.7455949499,,,,,,,
-20.0,0.04802362633496157,-2.2291880340239185,0.10837243058460769,0.0,3371.2175788352533,40151.180762653064,25,7896,198000,0.0003,-210755371008.0,0.05000000074505806,3.199629924536433e+21,70542917632.0,188001,1307.74,584369.8642843299,,,,,,,
-20.0,-0.11203209040709375,-2.0309395425271135,0.06565501346256812,0.0,2494.70348247373,20834.817695033034,,,200000,0.0003,-202826973184.0,0.05000000074505806,3.187081770074672e+21,73726500864.0,190000,,,0.0,0.0,40000.0,-144228840503.81796,10459522902.554049,0.0,0.0
,,,,,,,22,9078,200000,0.0003,-212441841664.0,0.05000000074505806,4.90132658421242e+20,70603857920.0,190001,1307.71,584351.34369156,,,,,,,
-20.0,-0.03060470548190685,-2.1781699788648803,0.018986098810395865,0.0,3264.8822942541033,38472.071888371574,22,9152,202000,0.0003,-217014927360.0,0.05000000074505806,5.000601401123385e+20,77786267648.0,192001,1307.77,584316.87500358,,,,,,,
-20.0,-0.08298807152411618,-2.0101426938426354,0.10966078901528364,0.0,2524.762826142448,23415.48200229445,22,9226,204000,0.0003,-217834700800.0,0.05000000074505806,4.706389329872851e+20,75424464896.0,194001,1308.23,584806.66296063,,,,,,,
-20.0,-0.06911785056693467,-2.1940499758069993,0.02587626951718016,0.0,3244.586182662873,38025.90367762782,22,9300,206000,0.0003,-219378466816.0,0.05000000074505806,5.218698064702986e+20,77718118400.0,196001,1308.34,584893.1834612299,,,,,,,
-20.0,-0.03876814021314774,-2.041587816797241,0.16467091383986768,0.0,2661.7001364037196,26270.80070876971,22,9375,208000,0.0003,-223793086464.0,0.05000000074505806,5.794221857177684e+20,81463975936.0,198001,1308.32,584864.6699540399,,,,,,,
-20.0,-0.1182169065262041,-2.1633160207028794,-0.04070282108108037,0.0,3129.1855790876375,35483.19006463384,22,9449,210000,0.0003,-235810996224.0,0.05000000074505806,6.010302808080316e+20,79870214144.0,200001,1307.94,584488.16261108,,,,,,,
-20.0,0.014517814921770678,-2.2504256250807773,0.24093959700184267,0.0,3284.319470469921,39392.63928083289,22,9524,212000,0.0003,-252989472768.0,0.05000000074505806,4.867420671467808e+21,83941122048.0,202001,1307.93,584477.59291223,,,,,,,
-20.0,-0.16992123467881887,-1.9281082404000545,-0.12847966216125623,0.0,2454.1124498471186,21530.71135164925,22,9599,214000,0.0003,-261460983808.0,0.05000000074505806,5.347690165230132e+21,93780926464.0,204001,1307.59,584100.6096823199,,,,,,,
-20.0,0.0406578750793479,-2.2085140156267267,0.21495861464396604,0.0,3284.9699189286994,40028.09106817943,22,9674,216000,0.0003,-269176537088.0,0.05000000074505806,5.227766062552696e+21,81999323136.0,206001,1307.36,583860.50669071,,,,,,,
-20.0,-0.20669053043921992,-1.9949118683677163,-0.10473715257291395,0.0,2461.236639512505,20025.517865511927,22,9749,218000,0.0003,-272683466752.0,0.05000000074505806,8.829594877623544e+20,90802757632.0,208001,1307.09,583515.2523976598,,,,,,,
-20.0,0.0764755956917253,-2.1727221120386115,0.16534476138412832,0.0,3275.659099530853,40669.22758618649,22,9824,220000,0.0003,-268009652224.0,0.05000000074505806,6.204340398025574e+20,101359771648.0,210001,1306.6,582919.5326365399,,,,,,,
-20.0,-0.23821963882481678,-1.996343405994344,-0.035782284918189175,0.0,2425.0041564735325,19410.38208111052,22,9899,222000,0.0003,-296107638784.0,0.05000000074505806,1.1462319703103415e+21,104158027776.0,212001,1306.14,582415.95563772,,,,,,,
-20.0,0.10433750253928285,-2.217543780844835,0.1589428018498962,0.0,3389.142203093941,43044.65879378543,22,9974,224000,0.0003,-300804177920.0,0.05000000074505806,1.1557846680699478e+21,100452974592.0,214001,1306.47,582865.4615470801,,,,,,,
-20.0,-0.17823826399669576,-1.9957535659373502,0.03293032547909913,0.0,2431.590561635205,20033.02495866294,22,10049,226000,0.0003,-311776116736.0,0.05000000074505806,3.8576038597704255e+21,613730025472.0,216001,1306.0,582447.10751396,,,,,,,
-20.0,0.03703007416619343,-2.1862955658947323,0.10393251998411662,0.0,3345.3154349634174,42852.30991470443,22,10124,228000,0.0003,-290078588928.0,0.05000000074505806,8.06246227240888e+20,100560461824.0,218001,1306.87,583379.28475849,,,,,,,
-20.0,-0.11974997537500187,-2.045955266343066,0.07224752278727915,0.0,2524.649482197521,21018.47457466558,22,10199,230000,0.0003,-322662531072.0,0.05000000074505806,1.4364993808685083e+21,116431036416.0,220001,1306.64,583200.78091288,,,,,,,
-20.0,-0.02317410793503143,-2.174088236498793,0.028414880148202343,0.0,3280.3388697565665,39157.30362587611,22,10274,232000,0.0003,-336423452672.0,0.05000000074505806,1.484962194246177e+21,112131022848.0,222001,1306.63,583230.06841274,,,,,,,
-20.0,-0.07775506991298953,-2.0417924410238903,0.12389084206271687,0.0,2541.7887276079855,22681.82594812385,22,10348,234000,0.0003,-334677671936.0,0.05000000074505806,1.4009931421438077e+21,114271584256.0,224001,1306.44,582977.0832908,,,,,,,
-20.0,-0.0735645878827351,-2.162335373113321,0.017425923466027355,0.0,3212.945915029283,39269.04432894706,22,10423,236000,0.0003,-333499236352.0,0.05000000074505806,1.1471608377334867e+21,114201600000.0,226001,1306.15,582768.4126591,,,,,,,
-20.0,-0.044902591425962514,-2.0317217987051346,0.17690380652162013,0.0,2615.005513894587,24578.608671165694,22,10498,238000,0.0003,-351286394880.0,0.05000000074505806,1.3981152012444295e+21,126383513600.0,228001,1306.02,582684.76704433,,,,,,,
-20.0,-0.10751903506860555,-2.1597257029917207,-0.04570785120217524,0.0,3170.239593335381,37035.167283490235,22,10573,240000,0.0003,-352818528256.0,0.05000000074505806,9.6259611924444e+21,122053754880.0,230001,1306.2,582783.5050182499,,,,,,,
-20.0,-0.008005194587402448,-2.090365492167685,0.18834114057143253,0.0,2791.334629755076,28729.721581732305,22,10648,242000,0.0003,-367111700480.0,0.05000000074505806,1.8655453546815852e+21,129472086016.0,232001,1306.57,583139.0872044,,,,,,,
-20.0,-0.1398141218528436,-2.067547453590993,-0.09402408237591792,0.0,2924.095957481857,32414.409081406928,22,10723,244000,0.0003,-392701181952.0,0.05000000074505806,1.8191778410305505e+21,133744828416.0,234001,1307.01,583563.25215253,,,,,,,
-20.0,0.016843693065676645,-2.2470469937891933,0.26173500723489196,0.0,3311.0046433101465,40724.07740481628,22,10798,246000,0.0003,-398347862016.0,0.05000000074505806,2.0044114566542524e+21,144534175744.0,236001,1306.86,583456.7207736601,,,,,,,
-20.0,-0.1926276077440769,-1.9963934774030425,-0.10513350831986029,0.0,2497.9417679337143,20351.75447658607,22,10873,248000,0.0003,-422884016128.0,0.05000000074505806,2.4412167104128237e+22,145629888512.0,238001,1306.4,582979.8695543801,,,,,,,
-20.0,0.07242569548806585,-2.2022642933986547,0.1756118963361878,0.0,3321.9280388328657,40495.78839145903,22,10948,250000,0.0003,-408720998400.0,0.05000000074505806,1.351631128805539e+22,139112841216.0,240001,1305.87,582379.83945267,,,,,,,
-20.0,-0.1972649977379888,-2.0334711977381845,-0.03765630291440676,0.0,2481.1775029572423,19508.833583009302,22,11022,252000,0.0003,-412950265856.0,0.05000000074505806,2.202789953690342e+21,145759977472.0,242001,1305.52,581991.6455302299,,,,,,,
-20.0,0.06596720009181534,-2.171792444205376,0.11486489174969922,0.0,3296.70432815911,40670.42603297078,22,11098,254000,0.0003,-436447117312.0,0.05000000074505806,2.5338743320962977e+21,156309127168.0,244001,1305.36,581790.3022997701,,,,,,,
-20.0,-0.19947174860951727,-1.9658150393342564,0.013032450361500815,0.0,2413.982325493656,21550.69868813181,22,11173,256000,0.0003,-443247230976.0,0.05000000074505806,2.6472040390193557e+21,150873833472.0,246001,1305.85,582343.44993731,,,,,,,
-20.0,0.057696301011457854,-2.1726890612499,0.1099302900972809,0.0,3325.568439730549,41984.063668912204,22,11247,258000,0.0003,-481051639808.0,0.05000000074505806,1.6722592747766472e+22,158571331584.0,248001,1306.6,583109.99370061,,,,,,,
-20.0,-0.18273438388923574,-1.9746124943314094,0.005173849277795432,0.0,2387.845025731523,19879.672441670373,22,11322,260000,0.0003,-458364354560.0,0.05000000074505806,2.6277259706309783e+21,149826617344.0,250001,1306.75,583262.35483689,,,,,,,
-20.0,0.040454677896381915,-2.1797324622676886,0.11135538849024422,0.0,3328.620778337572,42686.393736488615,22,11397,262000,0.0003,-460500860928.0,0.05000000074505806,2.0270243118582564e+21,158676746240.0,252001,1307.07,583636.73341045,,,,,,,
-20.0,-0.14418831113396885,-2.006217663397255,0.04917180770898726,0.0,2459.391917073595,20500.48635750945,23,11472,264000,0.0003,-486135955456.0,0.05000000074505806,1.8007726426634035e+22,169856090112.0,254001,1306.42,582946.5759921301,,,,,,,
-20.0,0.001367484200769657,-2.2036408769007854,0.047958354362546925,0.0,3327.5008038592796,39945.73155581241,23,11547,266000,0.0003,-489173286912.0,0.05000000074505806,3.8217481698621386e+21,174136492032.0,256001,1306.15,582599.97351542,,,,,,,
-20.0,-0.10377322401581322,-1.9917801832165707,0.09299703451033885,0.0,2451.406822014832,21352.29916368722,23,11622,268000,0.0003,-527673294848.0,0.05000000074505806,4.0045633524859425e+21,181670363136.0,258001,1305.71,582150.6710965601,,,,,,,
-20.0,-0.03976297268588276,-2.164797456413475,0.031098424421247908,0.0,3288.452840133272,41115.73461919201,23,11697,270000,0.0003,-508443688960.0,0.05000000074505806,2.9705486999906985e+21,184704286720.0,260001,1306.32,582822.12320523,,,,,,,
-19.980000000000015,-0.08954414524636031,-1.9872125419691185,0.09207037386178656,0.0,2461.0540686415393,22079.35844555935,23,11772,272000,0.0003,-510497914880.0,0.05000000074505806,2.1460350282362656e+22,186678362112.0,262001,1306.53,583034.83325066,,,,,,,
-20.0,-0.05618461609878046,-2.183556829893077,0.0164408085025003,0.0,3261.4552365604877,39564.744855205754,23,11847,274000,0.0003,-520502345728.0,0.05000000074505806,3.0744450545442756e+21,193727922176.0,264001,1307.13,583665.97016596,,,,,,,
-20.0,-0.04078733394309404,-2.0849815200485895,0.1676615602441574,0.0,2695.901362061326,24689.623881361364,23,11922,276000,0.0003,-544728088576.0,0.05000000074505806,3.2357214904752034e+21,191539625984.0,266001,1306.93,583529.75554441,,,,,,,
-20.0,-0.11977561864194466,-2.154049496690424,-0.04523839479393235,0.0,3093.906159485341,35145.059075093384,23,11998,278000,0.0003,-576030179328.0,0.05000000074505806,3.774162291774412e+21,198016909312.0,268001,1306.76,583292.4006148301,,,,,,,
-20.0,0.011226217191727552,-2.2125327058525994,0.23912883057445547,0.0,3190.7965882429007,38422.29291505778,23,12074,280000,0.0003,-602624360448.0,0.05000000074505806,5.035508520360157e+21,199815348224.0,270001,1306.12,582635.0515033801,,,,,,,
-20.0,-0.17315803915885344,-1.9859787609384527,-0.11379408628201958,0.0,2575.974269290739,21919.813197060463,23,12151,282000,0.0003,-610976989184.0,0.05000000074505806,4.825628392825716e+21,196651188224.0,272001,1306.01,582488.6354346401,,,,,,,
-20.0,0.04575108782027585,-2.194111009658189,0.21106119428768677,0.0,3296.8595700955134,41145.92681891432,23,12227,284000,0.0003,-600136744960.0,0.05000000074505806,4.124112811969376e+21,204948504576.0,274001,1306.19,582634.4452023001,,,,,,,
-20.0,-0.20914667554400793,-2.0055964601267386,-0.07314534892986838,0.0,2468.3426404069264,20868.345085564288,23,12303,286000,0.0003,-602822017024.0,0.05000000074505806,4.5138993597182923e+21,218109083648.0,276001,1306.29,582752.1617416501,,,,,,,
-20.0,0.08183757073188008,-2.216029590709444,0.17822234614662322,0.0,3362.7711964134987,41314.21891396432,23,12379,288000,0.0003,-637758210048.0,0.05000000074505806,5.999954380561549e+21,212911226880.0,278001,1305.66,582099.31089748,,,,,,,
-20.0,-0.17023665832268353,-2.0456308772910865,0.009761158943732475,0.0,2515.4253852473453,20146.470777330942,23,12456,290000,0.0003,-678565052416.0,0.05000000074505806,3.224125171794687e+22,211165429760.0,280001,1305.64,582086.05564268,,,,,,,
-20.0,0.032707554284158946,-2.2305095472519443,0.09933695266620148,0.0,3374.7723390212864,39967.46226708427,23,12532,292000,0.0003,-685077561344.0,0.05000000074505806,3.4560342065464476e+22,231773011968.0,282001,1305.26,581775.3226098701,,,,,,,
-20.0,-0.09243858255253284,-2.0521051186755086,0.10916147772184011,0.0,2532.779626833439,21628.5272156761,23,12607,294000,0.0003,-676856397824.0,0.05000000074505806,5.66689010716941e+21,245732737024.0,284001,1305.06,581571.64929446,,,,,,,
-20.0,-0.05431966270357464,-2.167179788072918,0.0012983085602859034,0.0,3257.501957748867,38717.448451219214,23,12683,296000,0.0003,-675142762496.0,0.05000000074505806,4.5491456563020007e+21,235271061504.0,286001,1304.43,580944.6385438,,,,,,,
-20.0,-0.05249838198346038,-2.0515029323949774,0.1376675900137317,0.0,2596.6162177494894,23621.34232667171,23,12758,298000,0.0003,-721539432448.0,0.05000000074505806,6.00992253538678e+21,251137884160.0,288001,1304.66,581174.96132978,,,,,,,
-20.0,-0.1031834604870587,-2.164700296828686,-0.031700779890144075,0.0,3163.880704714408,36193.09268711074,,,300000,0.0003,-737275281408.0,0.05000000074505806,7.685827361471793e+21,243119423488.0,290000,,,0.0,0.0,40000.0,-144228840503.81796,10459522902.554049,0.0,0.0
,,,,,,,21,13964,300000,0.0003,-676220239872.0,0.05000000074505806,7.070733042714925e+21,239368175616.0,290001,1303.99,580532.5791970901,,,,,,,
-20.0,0.0020741944850495614,-2.19363827744869,0.24172384950476472,0.0,3054.0406064117874,34957.489491013424,21,14040,302000,0.0003,-748144427008.0,0.05000000074505806,7.70124453407617e+22,240437673984.0,292001,1304.15,580703.2189531601,,,,,,,
-20.0,-0.1713480879607346,-2.045818912509348,-0.0986487421270816,0.0,2732.0531929336735,25589.70518009358,21,14115,304000,0.0003,-737873428480.0,0.05000000074505806,6.856142712920208e+21,251240120320.0,294001,1303.78,580385.4450393401,,,,,,,
-20.0,0.0471386161529346,-2.1840276127834146,0.21594348095836113,0.0,3285.3775236540896,40983.15782506723,21,14194,306000,0.0003,-726400303104.0,0.05000000074505806,6.526093036528641e+21,262569295872.0,296001,1303.56,580155.0612948,,,,,,,
-20.0,-0.2154357933672252,-2.0150195298613878,-0.07718169873066791,0.0,2496.3980970838475,20219.17447823874,21,14269,308000,0.0003,-785433952256.0,0.05000000074505806,8.845728319601157e+21,272701898752.0,298001,1303.06,579650.7102237699,,,,,,,
-20.0,0.08864702280333202,-2.1860823782719616,0.14447460402336074,0.0,3303.7026117540127,40590.053167836544,21,14345,310000,0.0003,-788257046528.0,0.05000000074505806,8.482630103244038e+21,282483195904.0,300001,1303.29,579840.83702821,,,,,,,
-20.0,-0.20825180929395593,-2.005221756766935,-0.041764887735202136,0.0,2438.306750696585,19268.968775153666,21,14420,312000,0.0003,-762846969856.0,0.05000000074505806,4.847384607085599e+22,255790727168.0,302001,1302.98,579477.28075787,,,,,,,
-20.0,0.07205010840870286,-2.2231709257772456,0.12403291929562575,0.0,3362.989842628735,40811.173792581525,21,14496,314000,0.0003,-856894341120.0,0.05000000074505806,1.0728792536095725e+22,295472234496.0,304001,1303.04,579516.1742507,,,,,,,
-20.0,-0.1332236523726389,-2.027390101562218,0.0419969028535873,0.0,2485.369578391716,20388.13273347226,21,14572,316000,0.0003,-838337298432.0,0.05000000074505806,8.06166738707465e+21,272025518080.0,306001,1302.95,579447.0204437501,,,,,,,
-20.0,-0.010943237865142046,-2.2236176007643618,0.05624963650946172,0.0,3340.613054325575,39041.20562255168,21,14647,318000,0.0003,-832494567424.0,0.05000000074505806,1.0408784760973287e+22,310067724288.0,308001,1302.18,578644.42725839,,,,,,,
-20.0,-0.07280308347957805,-2.025326229571351,0.10435117749683637,0.0,2528.240184251724,22117.187874348023,21,14723,320000,0.0003,-876977455104.0,0.05000000074505806,6.005221340325758e+22,286953078784.0,310001,1302.31,578742.4082178699,,,,,,,
-20.0,-0.07194626174461312,-2.1504462193591705,-0.017114878225615634,0.0,3193.1375994803425,37988.928093382034,21,14799,322000,0.0003,-877160628224.0,0.05000000074505806,9.002396165738401e+21,298583719936.0,312001,1302.91,579305.8163684099,,,,,,,
-20.0,-0.04119548295984002,-2.0678423438983446,0.16983913151892718,0.0,2664.1622590893326,25337.996578137037,21,14875,324000,0.0003,-864453722112.0,0.05000000074505806,7.399832459585117e+21,300471058432.0,314001,1303.19,579617.84574285,,,,,,,
-20.0,-0.11515356759543591,-2.143371526744631,-0.05985696861069584,0.0,3111.3572719104955,35261.07823401283,21,14952,326000,0.0003,-881141547008.0,0.05000000074505806,6.114804727898788e+22,312220319744.0,316001,1303.22,579642.6040367701,,,,,,,
-20.0,-0.005012617378486439,-2.082347059087604,0.20804795424908115,0.0,2777.7165068514532,28988.149038549538,21,15028,328000,0.0003,-925915348992.0,0.05000000074505806,1.2067418620257306e+23,304780148736.0,318001,1303.24,579664.59326537,,,,,,,
-20.0,-0.13905331665321297,-2.050323619598131,-0.07543247875050711,0.0,2922.0510265157855,34010.55329868778,21,15104,330000,0.0003,-943903735808.0,0.05000000074505806,1.1264976471031667e+22,340634894336.0,320001,1304.29,580779.5364182501,,,,,,,
-20.0,-0.004563742321469857,-2.065366584527293,0.2192283125279149,0.0,2771.555235504225,29880.716738600797,21,15180,332000,0.0003,-900558422016.0,0.05000000074505806,4.853479778821282e+21,243413041152.0,322001,1304.61,581129.52940113,,,,,,,
-20.0,-0.14517723198692478,-2.087656881824172,-0.08806489053196627,0.0,2958.7516060027497,33356.335065144995,21,15256,334000,0.0003,-945543774208.0,0.05000000074505806,8.083284102336074e+21,337431625728.0,324001,1304.74,581311.61224196,,,,,,,
-20.0,0.020743255022540586,-2.227394912710933,0.24235455698823574,0.0,3279.2102405284036,40317.830186469415,21,15332,336000,0.0003,-998799572992.0,0.05000000074505806,1.03670589104257e+22,343827644416.0,326001,1305.12,581667.4514301401,,,,,,,
-20.0,-0.1694021084503873,-1.915184068005706,-0.1149904706649541,0.0,2426.9489811297226,21910.752284555216,21,15409,338000,0.0003,-995767877632.0,0.05000000074505806,1.5937794350800983e+22,356939497472.0,328001,1305.1,581649.5397048601,,,,,,,
-20.0,0.03374463268922969,-2.2138723852307396,0.23065385716373624,0.0,3306.047291561896,40926.929584552054,21,15485,340000,0.0003,-1038192672768.0,0.05000000074505806,1.2777116340916654e+22,371427213312.0,330001,1305.37,581950.71845722,,,,,,,
-20.0,-0.18953232105568998,-1.9558950265351474,-0.10417237923487362,0.0,2421.7918424852605,20636.388197438562,21,15561,342000,0.0003,-1077258813440.0,0.05000000074505806,1.598676987084873e+22,354407579648.0,332001,1305.69,582286.02829295,,,,,,,
-20.0,0.05384215642047436,-2.1798955964807525,0.20183068762025594,0.0,3285.2765664541485,41619.288336678415,21,15637,344000,0.0003,-1022254317568.0,0.05000000074505806,1.0665935796096515e+22,353657585664.0,334001,1305.84,582432.69499262,,,,,,,
-20.0,-0.21611834232744537,-2.047474335663884,-0.03537774375956985,0.0,2525.976667375657,20739.540416122603,22,15713,346000,0.0003,-1107419594752.0,0.05000000074505806,1.1278083071847222e+22,397774356480.0,336001,1305.45,582118.19738091,,,,,,,
-20.0,0.08636539706253915,-2.161405161772646,0.15572716370501669,0.0,3311.4142601577205,42109.68471474705,22,15790,348000,0.0003,-1096835203072.0,0.05000000074505806,1.8232448391920456e+23,395042848768.0,338001,1305.63,582367.9126177301,,,,,,,
-20.0,-0.20970214216334937,-1.9908643242275057,-0.03333115551759389,0.0,2422.537357186367,19713.431189931474,22,15866,350000,0.0003,-1100939395072.0,0.05000000074505806,1.4365548314389203e+22,393999646720.0,340001,1305.8,582542.91262146,,,,,,,
-20.0,0.07320913004666445,-2.1890568244949447,0.1057177204723995,0.0,3325.0974099381856,40874.32910935699,22,15942,352000,0.0003,-1137219731456.0,0.05000000074505806,1.0411362171040031e+23,388133158912.0,342001,1306.03,582757.0032519801,,,,,,,
-20.0,-0.16649979491640463,-2.00494201280347,0.004103317092299,0.0,2439.394516364774,19676.214257071417,22,16019,354000,0.0003,-1210119618560.0,0.05000000074505806,1.0258634299036792e+23,370753830912.0,344001,1305.6,582236.3278855401,,,,,,,
-20.0,0.026987766072394566,-2.2115941902020517,0.0675395023471979,0.0,3339.072430670346,39695.33425550761,22,16095,356000,0.0003,-1187719282688.0,0.05000000074505806,1.6269863891625426e+22,406169059328.0,346001,1306.16,582696.8451107,,,,,,,
-20.0,-0.11576401111659289,-2.0035490685978323,0.062169704446585705,0.0,2457.038423449803,20789.959524611113,22,16171,358000,0.0003,-1170303877120.0,0.05000000074505806,1.6401599810225547e+22,387194716160.0,348001,1305.73,582209.53206682,,,,,,,
-20.0,-0.027167144961856966,-2.169074418871831,0.02924070436597093,0.0,3275.0099772430904,39913.5303362334,22,16247,360000,0.0003,-1221997756416.0,0.05000000074505806,1.4321915189399424e+22,423498022912.0,350001,1306.09,582523.2186283399,,,,,,,
-20.0,-0.08498247324560294,-2.0173526702463658,0.09129724842345219,0.0,2503.3947164263077,22069.50552570436,22,16323,362000,0.0003,-1267521683456.0,0.05000000074505806,1.4308789448285453e+22,450200698880.0,352001,1306.36,582775.80377902,,,,,,,
-20.0,-0.05869937360945015,-2.1546978811161415,-0.0002363444237790927,0.0,3211.0155538850904,38356.76742934204,22,16400,364000,0.0003,-1265185456128.0,0.05000000074505806,1.784328874523967e+22,425051783168.0,354001,1306.22,582628.69402645,,,,,,,
-20.0,-0.06293934780986049,-2.0215658186417618,0.1302019370434676,0.0,2567.885561652017,24189.57485507866,22,16476,366000,0.0003,-1313896529920.0,0.05000000074505806,2.5248057712966338e+22,434225709056.0,356001,1306.77,583181.81779559,,,,,,,
-20.0,-0.08680458269559835,-2.154834616286168,-0.00040990083916485765,0.0,3179.190527673416,38444.05290700494,22,16552,368000,0.0003,-1282489188352.0,0.05000000074505806,1.778609077817225e+22,440323571712.0,358001,1307.05,583377.40977764,,,,,,,
-20.0,-0.01490134597468439,-2.166542122269085,0.24051584375382004,0.0,2933.9752342760103,30086.988458665473,22,16628,370000,0.0003,-1288161329152.0,0.05000000074505806,1.912304512615215e+22,443894300672.0,360001,1306.46,582786.33895341,,,,,,,
-20.0,-0.14587768403189694,-2.0500540400687064,-0.09081911103013456,0.0,2883.3681156432094,31724.96993794446,22,16704,372000,0.0003,-1314908536832.0,0.05000000074505806,2.332683111912934e+22,459349098496.0,362001,1306.36,582771.2326477601,,,,,,,
-20.0,0.02202459647045416,-2.235625527538291,0.23218496510849174,0.0,3278.5010735218375,39474.41945911486,22,16781,374000,0.0003,-1435021869056.0,0.05000000074505806,3.33274974300705e+22,493076054016.0,364001,1305.94,582341.5990194301,,,,,,,
-20.0,-0.18509372492643048,-1.973859281659284,-0.12046736647207995,0.0,2466.1258608105095,20462.24275946669,22,16857,376000,0.0003,-1419166351360.0,0.05000000074505806,1.6283398559585562e+23,505830277120.0,366001,1305.9,582286.20860264,,,,,,,
-20.0,0.06151226874626951,-2.2064199238453908,0.19630520653133854,0.0,3323.5865650164496,40668.01518296438,22,16935,378000,0.0003,-1387911708672.0,0.05000000074505806,1.537786698826958e+23,501159100416.0,368001,1305.94,582317.94292775,,,,,,,
-20.0,-0.2091807203762968,-2.031557444088629,-0.04964624069126904,0.0,2485.3202869294246,19564.94582491564,22,17011,380000,0.0003,-1424080764928.0,0.05000000074505806,2.4499849937073327e+22,497464672256.0,370001,1305.97,582342.2313969199,,,,,,,
-20.0,0.0781579186811667,-2.212461417020413,0.13588621701843162,0.0,3344.9697244404906,40452.53791282864,22,17087,382000,0.0003,-1462666133504.0,0.05000000074505806,2.1708942226394066e+22,469456879616.0,372001,1305.9,582298.2142362199,,,,,,,
-20.0,-0.19422617467804112,-1.948730712002633,0.03334334345844344,0.0,2378.5692824030843,21608.096070232994,22,17164,384000,0.0003,-1523605962752.0,0.05000000074505806,1.741681047060664e+23,491597463552.0,374001,1306.35,582824.7009435099,,,,,,,
-20.0,0.05139178928118839,-2.196424540341455,0.08768035291162034,0.0,3364.0707900564507,41661.497949255856,22,17240,386000,0.0003,-1486952333312.0,0.05000000074505806,2.798155353559588e+22,538229768192.0,376001,1306.2,582637.53277218,,,,,,,
-20.0,-0.13746415841300422,-2.017394613044165,0.03531604097126389,0.0,2456.212829866888,20464.96494516609,22,17316,388000,0.0003,-1566551441408.0,0.05000000074505806,3.1814123573887612e+22,545857798144.0,378001,1306.07,582490.80856045,,,,,,,
-20.0,-0.005725123247035254,-2.216107080026272,0.07896656173913429,0.0,3328.750737984642,39449.995888113204,22,17393,390000,0.0003,-1599357452288.0,0.05000000074505806,2.6221573822817254e+22,526135001088.0,380001,1305.28,581743.97697131,,,,,,,
-20.0,-0.11643790881240197,-1.940957266980895,0.11594307292363462,0.0,2409.8371294936283,23475.89802872757,22,17469,392000,0.0003,-1563939831808.0,0.05000000074505806,2.967779380284833e+22,547587850240.0,382001,1305.4,581915.7136396399,,,,,,,
-20.0,-0.027537898317460403,-2.1846602427538233,0.02622174978913017,0.0,3325.062697487846,41050.47493301649,22,17544,394000,0.0003,-1541243404288.0,0.05000000074505806,2.6906319124561173e+22,527833628672.0,384001,1305.9,582394.6882289001,,,,,,,
-20.0,-0.07445964386745244,-2.044079066197887,0.14142910424426872,0.0,2560.3756239097625,23407.351679194202,22,17619,396000,0.0003,-1649058512896.0,0.05000000074505806,3.5657452711689134e+22,551978860544.0,386001,1305.93,582427.8215272101,,,,,,,
-20.0,-0.07961776876195593,-2.1796519566555093,-0.021747094901255693,0.0,3233.9542119229413,37358.20723638244,22,17694,398000,0.0003,-1700399153152.0,0.05000000074505806,3.878339220584774e+22,602824245248.0,388001,1305.67,582219.00096537,,,,,,,
-20.0,-0.017776161299545932,-2.113974007294355,0.18466464500315394,0.0,2781.971121704853,26987.642685864455,,,400000,0.0003,-1632978599936.0,0.05000000074505806,2.646434036073066e+22,553381003264.0,390000,,,0.0,0.0,40000.0,-144228840503.81796,10459522902.554049,0.0,0.0
,,,,,,,21,18897,400000,0.0003,-1697585692672.0,0.05000000074505806,4.0832458879427204e+23,618012147712.0,390001,1305.39,581889.50605575,,,,,,,
-20.0,-0.13673622771916472,-2.083836023719884,-0.09184020910357446,0.0,2955.9185917695286,32560.573843415557,21,18973,402000,0.0003,-1661722427392.0,0.05000000074505806,2.9438792274223405e+22,570387922944.0,392001,1304.88,581320.20357769,,,,,,,
-20.0,0.009869382967430585,-2.148060010808462,0.2167522896547133,0.0,2990.834871532657,34674.91459602848,21,19048,404000,0.0003,-1754685505536.0,0.05000000074505806,4.01041493577678e+22,588349308928.0,394001,1304.81,581247.6050737001,,,,,,,
-20.0,-0.15820404234062288,-2.007469884804155,-0.11942433436888156,0.0,2721.4613959409935,26559.881672808828,21,19125,406000,0.0003,-1719441686528.0,0.05000000074505806,2.3707434827238047e+23,578593619968.0,396001,1305.23,581604.1295382801,,,,,,,
-20.0,0.026221719741333076,-2.214186274645359,0.23204584435277836,0.0,3266.7383080250734,40578.03685955601,21,19201,408000,0.0003,-1787756281856.0,0.05000000074505806,3.739898568039405e+22,636222242816.0,398001,1305.65,582043.62347656,,,,,,,
-20.0,-0.17505128276851661,-1.9349114137873185,-0.13080905026812284,0.0,2424.326655321901,20523.284299254858,21,19278,410000,0.0003,-1867013554176.0,0.05000000074505806,3.716750291134702e+22,647727415296.0,400001,1306.11,582462.38265577,,,,,,,
-20.0,0.04385235108887821,-2.2061304810890343,0.2232508933988095,0.0,3316.549833175864,41367.834744498796,21,19354,412000,0.0003,-1846037577728.0,0.05000000074505806,3.5346510682616593e+22,643627679744.0,402001,1306.23,582636.368693,,,,,,,
-20.0,-0.2177700274337008,-2.017752086786872,-0.08560953599948821,0.0,2487.145846188286,19895.081528156035,21,19430,414000,0.0003,-1818978156544.0,0.05000000074505806,2.803129128988056e+22,666208501760.0,404001,1305.8,582173.4746792301,,,,,,,
-20.0,0.08611379228924435,-2.1501755717407427,0.1867331688468787,0.0,3271.7981855592907,42255.45386949374,21,19506,416000,0.0003,-1783664345088.0,0.05000000074505806,2.7618898923802056e+22,645665390592.0,406001,1306.0,582430.0516798601,,,,,,,
-20.0,-0.23564525196056252,-1.9945758667962887,-0.036770105966815174,0.0,2464.0004503544087,21564.02621410941,21,19583,418000,0.0003,-1822520115200.0,0.05000000074505806,4.004877309674966e+22,627931217920.0,408001,1306.65,583095.17527429,,,,,,,
-20.0,0.09702591017080534,-2.1701642162293626,0.14986454202824992,0.0,3286.776142837853,41357.426507823875,21,19659,420000,0.0003,-1787712634880.0,0.05000000074505806,2.830957996985485e+22,601665634304.0,410001,1307.31,583693.5383738901,,,,,,,
-20.0,-0.17377219121821683,-2.044695761006089,0.0030396611652591856,0.0,2504.617104168057,19966.7449153131,21,19736,422000,0.0003,-1881525846016.0,0.05000000074505806,3.7482894496851403e+22,648503296000.0,412001,1307.14,583574.34627946,,,,,,,
-20.0,0.0392835795432619,-2.180792370029778,0.0826536244831559,0.0,3312.7073498947934,40099.96995904838,21,19812,424000,0.0003,-1936850419712.0,0.05000000074505806,4.052630777963826e+22,641743454208.0,414001,1307.54,583930.45325058,,,,,,,
-20.0,-0.14132707715399623,-2.006106753191041,0.03512413642382764,0.0,2447.3796872111843,20845.281824613045,21,19888,426000,0.0003,-1932693340160.0,0.05000000074505806,4.08603352604007e+22,656797138944.0,416001,1308.0,584339.5516130201,,,,,,,
-20.0,-0.0008625665550883809,-2.177796421466217,0.04805904213066241,0.0,3294.2854710547167,39552.51955266422,21,19964,428000,0.0003,-2052420534272.0,0.05000000074505806,4.394593601269695e+22,704337346560.0,418001,1307.8,584147.47956457,,,,,,,
-20.0,-0.10466334539612308,-2.014016180897444,0.06891091590948496,0.0,2479.820703088773,21375.303991278524,21,20039,430000,0.0003,-1935663300608.0,0.05000000074505806,4.780230982681915e+22,681413902336.0,420001,1308.03,584358.3409713901,,,,,,,
-20.0,-0.045494885727140645,-2.218555849035462,0.03699356104279429,0.0,3319.666156167102,38630.20226003904,21,20114,432000,0.0003,-2013273915392.0,0.05000000074505806,4.388911409619842e+22,684153241600.0,422001,1307.76,584111.05436654,,,,,,,
-19.98,-0.0577668278406324,-1.9971139108986362,0.1410370202520063,0.0,2500.562096965889,23013.820380789934,21,20189,434000,0.0003,-1900326682624.0,0.05000000074505806,4.661227415768314e+23,4614666059776.0,424001,1308.02,584312.49884817,,,,,,,
-19.960000000000008,-0.08409597713689476,-2.138962782317946,-0.02223490713873958,0.0,3194.435290486201,39378.887938214204,21,20264,436000,0.0003,-1975315464192.0,0.05000000074505806,3.136520070979166e+23,686816493568.0,426001,1308.99,585342.7755199601,,,,,,,
-20.0,-0.03725491910432778,-2.0606807130221254,0.15807877929213324,0.0,2658.713461536673,25255.986591953544,21,20339,438000,0.0003,-2048162660352.0,0.05000000074505806,5.536841574759674e+22,718724923392.0,428001,1308.98,585326.46877709,,,,,,,
-19.980000000000015,-0.11229858484062269,-2.109132704129242,-0.04002138041184782,0.0,3083.3439344290887,36897.12670063644,21,20414,440000,0.0003,-1977244581888.0,0.05000000074505806,2.202023688731743e+23,4363660820480.0,430001,1309.39,585763.49040741,,,,,,,
-19.960000000000008,-0.021954165853030293,-2.0399905470049626,0.18596889201806596,0.0,2651.3592401677215,25859.372679714834,21,20489,442000,0.0003,-2007442259968.0,0.05000000074505806,3.353399648018469e+22,718829846528.0,432001,1309.33,585711.5440992201,,,,,,,
-20.0,-0.12450414325758825,-2.1085732387097806,-0.0735878531246698,0.0,3067.1084171584557,36105.31813223702,21,20564,444000,0.0003,-2149883052032.0,0.05000000074505806,2.1572771838420855e+23,4835073064960.0,434001,1309.79,586247.04371669,,,,,,,
-20.0,-0.0019382795047985487,-2.105382375470129,0.19575521064762064,0.0,2833.9457038270693,29813.553559881042,21,20639,446000,0.0003,-2018120302592.0,0.05000000074505806,3.549071143908537e+22,709705859072.0,436001,1310.14,586552.73780225,,,,,,,
-20.0,-0.14618093549484254,-2.0531508228634747,-0.1012524946432245,0.0,2879.875861028651,31254.792262613788,21,20713,448000,0.0003,-2071746576384.0,0.05000000074505806,4.367752147490567e+22,775918387200.0,438001,1310.72,587132.47835043,,,,,,,
-19.98,0.022811424842199633,-2.2395921134246715,0.24552324243795398,0.0,3304.90137500781,40253.64751359428,21,20788,450000,0.0003,-2178900426752.0,0.05000000074505806,4.712615288956463e+22,768528154624.0,440001,1310.95,587351.05413181,,,,,,,
-20.0,-0.18469986441001152,-1.9630006639430786,-0.12823912105970037,0.0,2445.7647137686886,19830.348002660037,21,20863,452000,0.0003,-2093602308096.0,0.05000000074505806,4.513812440245484e+22,741596069888.0,442001,1310.85,587246.68337899,,,,,,,
-20.0,0.058206306731491034,-2.203062196226261,0.20691021370009016,0.0,3321.573853354264,41471.829247268375,21,20938,454000,0.0003,-2212531798016.0,0.05000000074505806,4.658133442824311e+22,721533206528.0,444001,1310.38,586802.2432322899,,,,,,,
-20.0,-0.2305587074779561,-2.0014009101715415,-0.052148868962332826,0.0,2443.031001350158,19547.22611130925,21,21012,456000,0.0003,-2221061177344.0,0.05000000074505806,4.798670520996221e+22,772124639232.0,446001,1310.44,586843.04858826,,,,,,,
-20.0,0.09429031856923985,-2.159639250764145,0.16602056938834622,0.0,3318.4498445402696,43331.95226467154,21,21087,458000,0.0003,-2251244961792.0,0.05000000074505806,3.854813947355264e+23,821975187456.0,448001,1311.08,587588.2195695001,,,,,,,
-20.0,-0.23150731992465895,-1.987880606013473,-0.046327977008887154,0.0,2416.4600926746903,19492.979708822582,21,21162,460000,0.0003,-2204273999872.0,0.05000000074505806,5.294335344904729e+22,821814296576.0,450001,1310.84,587275.25401119,,,,,,,
-20.0,0.09592603558525564,-2.2201030677095424,0.1497008392875356,0.0,3383.780444298824,42091.77639051843,21,21236,462000,0.0003,-2338260254720.0,0.05000000074505806,5.6423645169086666e+22,762160087040.0,452001,1310.26,586702.20958517,,,,,,,
-20.0,-0.17497631393619673,-1.9875875848003148,0.011022482301925563,0.0,2407.0687208685667,19598.304405188486,21,21310,464000,0.0003,-2190793506816.0,0.05000000074505806,3.7080709539328336e+22,805016895488.0,454001,1309.82,586171.31528537,,,,,,,
-20.0,0.03536671257456474,-2.171047137326796,0.10015802758063126,0.0,3333.081270607327,42532.34835768943,21,21385,466000,0.0003,-2245861572608.0,0.05000000074505806,5.139579952349248e+22,784130244608.0,456001,1310.39,586814.2918524499,,,,,,,
-20.0,-0.14603632755822293,-2.0091838554032044,0.034214209040160766,0.0,2457.3685627340574,20969.532443925786,21,21459,468000,0.0003,-2272980107264.0,0.05000000074505806,5.311756168983324e+22,812901859328.0,458001,1310.39,586806.33113532,,,,,,,
-20.0,0.005321657966668704,-2.1900693072114024,0.04675226261951011,0.0,3312.1184370712485,39155.851697482045,21,21534,470000,0.0003,-2318507442176.0,0.05000000074505806,5.059694651798987e+22,832530284544.0,460001,1309.76,586059.7262339599,,,,,,,
-20.0,-0.10648445884349426,-2.009639441148784,0.06842362431752637,0.0,2476.0953089712443,21513.6731730682,21,21609,472000,0.0003,-2276674764800.0,0.05000000074505806,4.831780535096686e+22,758409920512.0,462001,1310.06,586340.23125527,,,,,,,
-20.0,-0.0377594807811774,-2.1744128015947983,0.021281251652510616,0.0,3267.3104572432026,39166.17556617162,21,21683,474000,0.0003,-2348453199872.0,0.05000000074505806,4.226503500577532e+22,777671344128.0,464001,1309.75,585973.5418414399,,,,,,,
-20.0,-0.06568241089014724,-2.0420691878150983,0.1144905875455087,0.0,2562.3514022600184,22446.761412181007,21,21759,476000,0.0003,-2437121048576.0,0.05000000074505806,5.645726003670536e+22,850774589440.0,466001,1309.6,585826.84135226,,,,,,,
-20.0,-0.0909585509135373,-2.200257269158683,-0.0018329865809484746,0.0,3221.8539798699976,37111.067347643264,21,21834,478000,0.0003,-2369815838720.0,0.05000000074505806,4.156919733814919e+22,828786999296.0,468001,1309.92,586052.78913909,,,,,,,
-20.0,0.000671282077568358,-2.205243817022701,0.24066479632286886,0.0,3093.316585568289,35019.25960758268,21,21908,480000,0.0003,-2402624733184.0,0.05000000074505806,7.111387824681133e+22,860242837504.0,470001,1309.35,585474.0975631201,,,,,,,
-20.0,-0.1651690456898549,-2.0148675679912444,-0.11033122747462638,0.0,2692.0493698249447,25600.235263894177,21,21982,482000,0.0003,-2435569680384.0,0.05000000074505806,6.416480150378052e+22,879147679744.0,472001,1309.04,585196.74718318,,,,,,,
-20.0,0.04348516776079648,-2.2215474778752533,0.23190830074217922,0.0,3339.7244879841196,40769.20951939206,21,22057,484000,0.0003,-2448467165184.0,0.05000000074505806,4.671687926622808e+22,868671684608.0,474001,1308.55,584801.30665336,,,,,,,
-20.0,-0.21655080724657297,-1.9920355256027777,-0.0844939153995137,0.0,2437.3806574163073,19552.442772461076,21,22131,486000,0.0003,-2477382696960.0,0.05000000074505806,7.588747317544232e+22,874607017984.0,476001,1308.41,584654.35212611,,,,,,,
-20.0,0.08184913898944189,-2.1623026812838244,0.1707596821219684,0.0,3287.949470553264,42039.047669801184,21,22205,488000,0.0003,-2447722676224.0,0.05000000074505806,5.327049492597949e+22,845538394112.0,478001,1309.03,585316.4646011599,,,,,,,
-20.0,-0.22976379415146622,-1.9759640817303286,-0.04558957688208092,0.0,2436.0630638899925,21351.20297362013,21,22279,490000,0.0003,-2593085194240.0,0.05000000074505806,4.9975630814117766e+23,895955632128.0,480001,1309.24,585602.7168416299,,,,,,,
-20.0,0.0892455704031559,-2.1569559876303948,0.16416524607805627,0.0,3274.0833476558146,41825.4340171187,22,22353,492000,0.0003,-2562886467584.0,0.05000000074505806,5.6387746976456895e+22,870706053120.0,482001,1309.28,585643.53555758,,,,,,,
-20.0,-0.23633144868774286,-1.9791833015040108,-0.04037956910763471,0.0,2436.3741555887573,21084.243761194448,22,22427,494000,0.0003,-2597220253696.0,0.05000000074505806,6.962198430905119e+22,862620942336.0,484001,1309.63,586064.97828752,,,,,,,
-20.0,0.09834279857215282,-2.1800871052871016,0.1388240598091643,0.0,3305.7432780461245,41271.07569610559,22,22500,496000,0.0003,-2575990521856.0,0.05000000074505806,7.62172627689554e+22,912610164736.0,486001,1309.4,585765.51159965,,,,,,,
-20.0,-0.17627348253883518,-2.0410325852034847,-0.005695040457007912,0.0,2491.7044580425054,19716.366349084612,22,22573,498000,0.0003,-2655342034944.0,0.05000000074505806,7.515128775875457e+22,974720991232.0,488001,1309.26,585651.76966167,,,,,,,
-20.0,0.04037814655370016,-2.2215064737418024,0.0909672995920982,0.0,3361.6005854152445,39751.55029844884,,,500000,0.0003,-2635221696512.0,0.05000000074505806,7.062352631938323e+22,903368736768.0,490000,,,0.0,0.0,40000.0,-144228840503.81796,10459522902.554049,0.0,0.0
,,,,,,,21,23775,500000,0.0003,-2601474588672.0,0.05000000074505806,6.45569029017379e+22,894594318336.0,490001,1308.96,585260.9671027899,,,,,,,
-20.0,-0.1199281366887597,-2.010278503345904,0.05764769203398102,0.0,2467.0357710738645,20704.837783215284,21,23848,502000,0.0003,-2671249457152.0,0.05000000074505806,8.395003340114309e+22,933918801920.0,492001,1309.1,585354.36544308,,,,,,,
-20.0,-0.025865095186839496,-2.213839136281374,0.030427496562644447,0.0,3312.307125083573,38800.529361213856,21,23923,504000,0.0003,-2608649994240.0,0.05000000074505806,7.138021212157477e+22,950015557632.0,494001,1308.89,585101.4518632101,,,,,,,
-20.0,-0.055057795602411884,-2.0704451192009223,0.14627777345575216,0.0,2636.6430948458833,23468.768267145166,21,23997,506000,0.0003,-2821105647616.0,0.05000000074505806,5.8180915516329465e+23,990923522048.0,496001,1308.78,585016.34054297,,,,,,,
-20.0,-0.09789428250643477,-2.1452812678582225,-0.03498871719139645,0.0,3149.7828461509002,36981.82127377224,21,24071,508000,0.0003,-2675238764544.0,0.05000000074505806,5.856287120504631e+23,899942449152.0,498001,1308.94,585171.69464018,,,,,,,
-20.0,-0.011178445831779682,-2.1313747083668373,0.19346584472327555,0.0,2851.8313676871007,28461.4255279563,21,24145,510000,0.0003,-2668255510528.0,0.05000000074505806,7.779332448015147e+22,964916936704.0,500001,1309.03,585229.51672917,,,,,,,
-20.0,-0.14782585984451818,-2.0823499295767407,-0.09883743040734733,0.0,2916.025025311922,30939.420703165684,21,24219,512000,0.0003,-2911406391296.0,0.05000000074505806,9.251996916086343e+22,965672173568.0,502001,1309.14,585325.07439592,,,,,,,
-20.0,0.026831176301362312,-2.2185680649502415,0.22370112808310577,0.0,3264.3024894678992,39702.53013514374,21,24294,514000,0.0003,-2693997527040.0,0.05000000074505806,3.584208858705229e+23,6185320185856.0,504001,1309.14,585181.7858468598,,,,,,,
-20.0,-0.194904458890681,-1.9997694461079965,-0.10288947578664302,0.0,2493.739305050285,20283.875099348126,21,24368,516000,0.0003,-2793170534400.0,0.05000000074505806,7.314206082819875e+22,931270033408.0,506001,1308.66,584662.9160703999,,,,,,,
-20.0,0.06726276103747991,-2.1646205916818584,0.1925896493505716,0.0,3284.0505991477794,41439.54523623921,21,24443,518000,0.0003,-2806020046848.0,0.05000000074505806,6.038584546797274e+23,1015938547712.0,508001,1308.59,584675.21078109,,,,,,,
-20.0,-0.21935731793681765,-1.9780750100585645,-0.06869803965430951,0.0,2420.868847807139,20195.576394249532,21,24517,520000,0.0003,-2885733580800.0,0.05000000074505806,7.926095752671897e+22,957367844864.0,510001,1308.92,585006.4435288599,,,,,,,
-19.98,0.08470239563904236,-2.18365300934174,0.16264235502437976,0.0,3321.883355257577,41740.19407489637,21,24591,522000,0.0003,-2911800393728.0,0.05000000074505806,9.388963990833636e+22,1017878347776.0,512001,1309.04,585023.50298536,,,,,,,
-20.0,-0.21872986868495214,-2.003214229283616,-0.034486764131678435,0.0,2460.6846311060913,20866.949412933678,21,24666,524000,0.0003,-2867508019200.0,0.05000000074505806,8.072179914504839e+22,1010674958336.0,514001,1308.98,584921.1799634899,,,,,,,
-20.0,0.08386436587361921,-2.2172245343221597,0.1354132927411419,0.0,3361.4873529487186,40515.064069071814,21,24740,526000,0.0003,-3022542077952.0,0.05000000074505806,7.74196878406663e+22,1033847373824.0,516001,1308.24,584200.4222736799,,,,,,,
-20.0,-0.16929707897453705,-1.9861067775136731,0.005582157471090736,0.0,2406.587600829449,19853.990456168838,21,24814,528000,0.0003,-2862785757184.0,0.05000000074505806,4.10896972843832e+23,6826270130176.0,518001,1308.61,584497.1082299999,,,,,,,
-20.0,0.03143102252477818,-2.1995508864943965,0.07464146151646239,0.0,3327.2459029002134,40090.20891169161,21,24889,530000,0.0003,-2984368406528.0,0.05000000074505806,8.994518919630168e+22,1065650421760.0,520001,1308.82,584710.40181567,,,,,,,
-20.0,-0.15119866998616058,-1.9594748629496916,0.05775981687492121,0.0,2413.731470136756,22345.90423690375,21,24963,532000,0.0003,-3052819972096.0,0.05000000074505806,7.726874519555536e+22,1025396244480.0,522001,1309.31,585271.1676120999,,,,,,,
-20.0,0.00651753685670555,-2.2194720806984534,0.06395074109649002,0.0,3356.9431982116557,39995.89849698646,21,25037,534000,0.0003,-2963147325440.0,0.05000000074505806,2.2474918504256905e+23,4645672452096.0,524001,1309.06,585083.5201458599,,,,,,,
-20.0,-0.11741238504990163,-1.9543950176915432,0.09095430200988816,0.0,2384.8584575802965,21614.71181758592,21,25112,536000,0.0003,-2977573109760.0,0.05000000074505806,6.116595359110631e+22,1036560826368.0,526001,1309.02,585025.7780753599,,,,,,,
-20.0,-0.02475127508789034,-2.1779581326322583,0.03733093692195117,0.0,3318.8733920644595,41565.93233620664,21,25186,538000,0.0003,-2976195805184.0,0.05000000074505806,6.4645772433184805e+22,994160672768.0,528001,1309.3,585407.6031357999,,,,,,,
-19.980000000000015,-0.086157150494079,-2.0229119710467236,0.11926063359133504,0.0,2527.6563107342845,23261.729722011878,21,25261,540000,0.0003,-3006741610496.0,0.05000000074505806,7.344699415464845e+23,1054377377792.0,530001,1309.42,585567.7799799399,,,,,,,
-20.0,-0.06180291294281033,-2.155142711379889,0.020342566120545608,0.0,3238.609356363713,39744.61800070634,21,25335,542000,0.0003,-3021998653440.0,0.05000000074505806,4.4874291826924446e+23,6910701993984.0,532001,1309.12,585322.28298211,,,,,,,
-20.0,-0.05662386797569778,-2.028682127367371,0.12757980056241286,0.0,2559.0418327883635,22924.863051361808,21,25410,544000,0.0003,-3228693692416.0,0.05000000074505806,1.146828854886955e+23,1101529743360.0,534001,1309.21,585388.0139064,,,,,,,
-20.0,-0.09333396749799644,-2.172272281372739,-0.03847473382219623,0.0,3195.639512747043,36903.55229186126,21,25485,546000,0.0003,-3102490755072.0,0.05000000074505806,7.309815613615144e+23,1056988528640.0,536001,1309.53,585695.9253078101,,,,,,,
-20.0,-0.00587651704916003,-2.1577143636404053,0.21053077151604135,0.0,2920.1767778667827,30465.16710846597,21,25559,548000,0.0003,-3105308803072.0,0.05000000074505806,1.0016065018787064e+23,1086340333568.0,538001,1309.08,585168.3172270302,,,,,,,
-20.0,-0.14956287953432104,-2.031142655828747,-0.0829772352565122,0.0,2833.833424989518,31021.9013178637,21,25636,550000,0.0003,-3201069219840.0,0.05000000074505806,9.415257806898076e+22,1076123992064.0,540001,1308.98,585084.3681658201,,,,,,,
-20.0,0.015643350611919734,-2.1871975336884435,0.23373790779471873,0.0,3127.82499660426,38352.452960614246,21,25710,552000,0.0003,-2983282081792.0,0.05000000074505806,6.435742946704241e+22,1071522840576.0,542001,1308.7,584767.1904154301,,,,,,,
-20.0,-0.16396837016948765,-1.9584240220398772,-0.12032840051536194,0.0,2556.3741530646494,22904.61580638676,21,25787,554000,0.0003,-3291003486208.0,0.05000000074505806,1.3391235517764205e+23,1106206261248.0,544001,1309.51,585573.71167336,,,,,,,
-20.0,0.023667407218130203,-2.2023740095693602,0.2550481579519232,0.0,3265.1884147854826,42320.36457290099,21,25863,556000,0.0003,-3387039940608.0,0.05000000074505806,1.2214709746790384e+23,1137724227584.0,546001,1309.68,585803.63497512,,,,,,,
-20.0,-0.1737044558514543,-1.9461537593455702,-0.12575375361704974,0.0,2444.265349794572,20077.312711250215,21,25939,558000,0.0003,-3352936579072.0,0.05000000074505806,1.2594695561030217e+23,1176996282368.0,548001,1309.81,585954.5144084201,,,,,,,
-20.0,0.033353969856067894,-2.1812161148535805,0.26854151963562056,0.0,3295.2748224592324,44063.5072661344,21,26015,560000,0.0003,-3195515174912.0,0.05000000074505806,9.696986786627716e+22,1199290580992.0,550001,1310.27,586588.26592358,,,,,,,
-20.0,-0.18412874145616603,-1.9683317647453484,-0.11550594458657315,0.0,2464.5226094025275,20898.411275220227,21,26091,562000,0.0003,-3309982187520.0,0.05000000074505806,1.0163036389746599e+23,1201139875840.0,552001,1310.52,586857.3627738501,,,,,,,
-20.0,0.05944347780978947,-2.2019715336092855,0.19167515056180798,0.0,3317.393866273668,40327.32287960354,21,26167,564000,0.0003,-3284145799168.0,0.05000000074505806,9.655299667036923e+22,1129439952896.0,554001,1310.48,586803.2630361799,,,,,,,
-19.980000000000015,-0.22723636526918914,-1.9915373397091474,-0.0693376585822296,0.0,2425.199072179805,19343.70006381743,21,26243,566000,0.0003,-3245500268544.0,0.05000000074505806,8.17116543143474e+22,1224658255872.0,556001,1310.12,586379.57719011,,,,,,,
-20.0,0.0887783700327198,-2.1507647840320225,0.18314105278037024,0.0,3300.164835112977,43551.13904457756,21,26319,568000,0.0003,-3404264374272.0,0.05000000074505806,9.894900174412289e+22,1164779454464.0,558001,1310.24,586542.78609653,,,,,,,
-20.0,-0.22982295490966792,-1.9985224293821102,-0.06063042797482111,0.0,2441.0708635381625,19668.505720141988,21,26395,570000,0.0003,-3441125490688.0,0.05000000074505806,9.116876677474241e+23,1171742523392.0,560001,1310.44,586739.5203772499,,,,,,,
-20.0,0.09719111362079302,-2.188146385938362,0.12862529039319345,0.0,3304.520100903565,40519.767969940825,21,26471,572000,0.0003,-3639100833792.0,0.05000000074505806,1.3801230617761058e+23,1207074553856.0,562001,1310.21,586447.99151787,,,,,,,
-20.0,-0.18444882925670827,-2.0075918315064385,0.02333955044884872,0.0,2462.3789383250505,21719.712064078845,21,26547,574000,0.0003,-3445042184192.0,0.05000000074505806,1.0743574701152643e+23,1197497384960.0,564001,1310.16,586411.82418417,,,,,,,
-20.0,0.04559224649021123,-2.205334336659815,0.10042082472153865,0.0,3336.8952385314983,39913.013739033,21,26623,576000,0.0003,-3509403516928.0,0.05000000074505806,1.521039433108633e+23,1261713227776.0,566001,1309.49,585789.30126994,,,,,,,
-20.0,-0.17106674124038196,-1.9403251753522333,0.061846024693285276,0.0,2378.060880054228,22312.12478644537,21,26699,578000,0.0003,-3374217691136.0,0.05000000074505806,1.0481895746964057e+23,1167282929664.0,568001,1309.68,586062.82357457,,,,,,,
-20.0,0.028030478066465876,-2.1907148415748066,0.07120301526898673,0.0,3338.538270198946,41384.14496749015,21,26775,580000,0.0003,-3544071274496.0,0.05000000074505806,6.000980210484671e+23,7886185955328.0,570001,1309.79,586230.95045291,,,,,,,
-20.0,-0.12997835678628383,-2.0020709337782265,0.06479799055947656,0.0,2466.3129797260362,22133.711875860386,21,26851,582000,0.0003,-3566618804224.0,0.05000000074505806,1.5761272836066438e+23,1277021782016.0,572001,1310.29,586757.58302382,,,,,,,
-20.0,-0.01597600020912518,-2.209504781349399,0.04033860566431646,0.0,3324.908425619687,38689.440857013346,21,26926,584000,0.0003,-3717444403200.0,0.05000000074505806,1.3120326886499286e+23,1206413950976.0,574001,1309.83,586310.0945559099,,,,,,,
-20.0,-0.06857674803548121,-2.047007430262116,0.12619021574301867,0.0,2563.339662055,22839.667683448515,21,27002,586000,0.0003,-3582802788352.0,0.05000000074505806,1.4420298124699183e+23,1304522784768.0,576001,1310.18,586609.2445320499,,,,,,,
-20.0,-0.08076121289081103,-2.1571898195301027,-0.008160762913293967,0.0,3206.552889654195,38391.24282833809,21,27078,588000,0.0003,-3597926924288.0,0.05000000074505806,1.5075515125126286e+23,1338079707136.0,578001,1310.07,586494.1497117,,,,,,,
-20.0,-0.044920281868544645,-2.0136943375093628,0.17384052147582119,0.0,2562.546273567215,24097.284345840955,21,27154,590000,0.0003,-3564392153088.0,0.05000000074505806,1.0067386959276668e+24,1201461264384.0,580001,1309.63,586033.0348536299,,,,,,,
-20.0,-0.10418548533846017,-2.149050056372978,-0.03868411695917633,0.0,3178.381612962324,38636.806577298994,21,27229,592000,0.0003,-3586685665280.0,0.05000000074505806,1.3178315235301308e+23,1276623323136.0,582001,1309.87,586358.86757005,,,,,,,
-20.0,-0.009549704327521941,-2.116640332893271,0.18927264928514295,0.0,2827.1370968607234,28401.089888465343,21,27305,594000,0.0003,-3667058491392.0,0.05000000074505806,1.0724202016995546e+23,1252677517312.0,584001,1310.01,586455.35914418,,,,,,,
-20.0,-0.1436593422035405,-2.066119570196297,-0.10128063822227192,0.0,2901.1077631423163,31384.0958193782,21,27382,596000,0.0003,-3872973389824.0,0.05000000074505806,1.3732414714734912e+23,1254166495232.0,586001,1310.0,586405.12342303,,,,,,,
-20.0,0.01904717298626086,-2.2256083732356546,0.23089596729506667,0.0,3241.9930489811763,39659.42389796092,21,27457,598000,0.0003,-3817903489024.0,0.05000000074505806,1.2867657833725217e+23,1371238039552.0,588001,1309.79,586134.69633195,,,,,,,
-20.0,-0.170889730823177,-1.9449142800424652,-0.13848380182587255,0.0,2466.7322708817815,20375.521079393096,,,600000,0.0003,-3836783886336.0,0.05000000074505806,1.4840240775552973e+23,1250179416064.0,590000,,,0.0,0.0,40000.0,-144228840503.81796,10459522902.554049,0.0,0.0
,,,,,,,20,28662,600000,0.0003,-3704701845504.0,0.05000000074505806,1.0724108342123297e+23,1357003358208.0,590001,1309.86,586172.80839568,,,,,,,
-20.0,0.033169014559026884,-2.191141421829497,0.2591526480413669,0.0,3285.559079988167,42935.338183485364,20,28737,602000,0.0003,-3795384795136.0,0.05000000074505806,1.5558890076011663e+23,1343931154432.0,592001,1310.27,586705.60673462,,,,,,,
-20.0,-0.17538923600101178,-1.9350598153417093,-0.11996462866553213,0.0,2428.245638763222,21008.067060998346,20,28811,604000,0.0003,-3906392817664.0,0.05000000074505806,1.1697478895634256e+24,1400936595456.0,594001,1310.55,587015.9018575301,,,,,,,
-20.0,0.0358534612188736,-2.1893867588251523,0.23410445036860408,0.0,3277.8458551764465,41980.76186784237,20,28886,606000,0.0003,-3909128814592.0,0.05000000074505806,1.1424676770942005e+24,1320996962304.0,596001,1310.91,587431.82807808,,,,,,,
-20.0,-0.19559293034028163,-1.9907443825249347,-0.10998075763013973,0.0,2484.7179392773683,20133.20588764636,20,28961,608000,0.0003,-3994423132160.0,0.05000000074505806,1.7618025897638e+23,1361721688064.0,598001,1310.76,587313.3885722201,,,,,,,
-20.0,0.06880479549211646,-2.1745976164707512,0.17251902646009906,0.0,3274.5828815953782,40487.35881391274,21,29037,610000,0.0003,-3771949645824.0,0.05000000074505806,8.144587888593776e+22,1313699135488.0,600001,1311.39,587855.4589788,,,,,,,
-20.0,-0.22830951140853786,-2.0055478135885427,-0.06300523404171833,0.0,2463.6757865721734,20594.336921042897,21,29112,612000,0.0003,-4017021779968.0,0.05000000074505806,1.552052841438572e+23,1373926588416.0,602001,1311.79,588257.7518950399,,,,,,,
-20.0,0.09555451379862961,-2.198477239531117,0.13795615030934819,0.0,3322.763577479304,40339.57408598478,21,29187,614000,0.0003,-3919668576256.0,0.05000000074505806,1.212850364416311e+24,1356766642176.0,604001,1311.64,588072.4875686801,,,,,,,
-20.0,-0.16722684412147973,-2.038923855877108,0.0037190788193243694,0.0,2487.4522577154867,19759.19721480843,21,29262,616000,0.0003,-4026776944640.0,0.05000000074505806,1.2079765328707735e+24,1466099040256.0,606001,1311.77,588158.83005441,,,,,,,
-20.0,0.032355395251290955,-2.181458822969595,0.07763814328033009,0.0,3301.480399133248,39791.65256524998,21,29337,618000,0.0003,-4146557878272.0,0.05000000074505806,1.7306915433939396e+23,1347293937664.0,608001,1311.52,587888.56522815,,,,,,,
-20.0,-0.14051926797986306,-2.000003329136848,0.0577813309284475,0.0,2468.0580140595903,22189.40885030245,21,29412,620000,0.0003,-3933981376512.0,0.05000000074505806,1.302579074585724e+24,1367111106560.0,610001,1311.66,588076.44201987,,,,,,,
-20.0,-0.004336129295374738,-2.176841306088565,0.0664967777239303,0.0,3298.7291180473885,40513.29409611101,21,29486,622000,0.0003,-3811107405824.0,0.05000000074505806,9.095801272370028e+22,1357506674688.0,612001,1311.33,587722.4379900101,,,,,,,
-20.0,-0.10603533245826595,-2.008435720935476,0.07766605423405493,0.0,2477.777873380462,21187.84590525557,21,29561,624000,0.0003,-4022030565376.0,0.05000000074505806,2.44203243840613e+24,1415616004096.0,614001,1310.92,587293.3199806302,,,,,,,
-20.0,-0.04275552295351944,-2.209883812190478,0.03317285045452307,0.0,3308.336543078221,38975.42711911628,21,29639,626000,0.0003,-4010733469696.0,0.05000000074505806,1.2597134530444415e+24,1490553667584.0,616001,1310.33,586683.9591011801,,,,,,,
-20.0,-0.06620471297005337,-1.998008017847073,0.1255286509660471,0.0,2518.9646371757976,23679.189734360272,21,29714,628000,0.0003,-4012396511232.0,0.05000000074505806,1.3097050482185184e+23,1434136215552.0,618001,1310.47,586861.4964335901,,,,,,,
-20.0,-0.08716106196080733,-2.198171725492467,-0.009818046145865645,0.0,3237.3927281399065,37654.022934361914,21,29789,630000,0.0003,-4366951776256.0,0.05000000074505806,2.058136382797032e+23,1390870790144.0,620001,1310.76,587166.31930078,,,,,,,
-20.0,-0.015171974273409055,-2.075979149565366,0.19089863986355954,0.0,2734.605075591088,27035.85478603196,21,29865,632000,0.0003,-4137804103680.0,0.05000000074505806,1.601942817390657e+23,1442751840256.0,622001,1310.74,587156.6124529601,,,,,,,
-20.0,-0.13668432272326206,-2.099893509917295,-0.08879115578932233,0.0,2999.7179682022083,33753.5026105725,21,29940,634000,0.0003,-4222440439808.0,0.05000000074505806,1.973864305993735e+23,1559977132032.0,624001,1311.13,587569.1774927501,,,,,,,
-20.0,0.011766544248258567,-2.157718786022057,0.22645881447806432,0.0,3023.3737495426913,35717.146093652766,21,30015,636000,0.0003,-4529967333376.0,0.05000000074505806,2.7967155527587176e+23,1486265778176.0,626001,1311.17,587604.22632131,,,,,,,
-20.0,-0.16616345496036755,-2.0176975632438374,-0.12237524394899683,0.0,2702.1639772155486,24901.888403633093,21,30090,638000,0.0003,-4306685394944.0,0.05000000074505806,1.691406823988372e+23,1502350147584.0,628001,1311.71,588147.3207858899,,,,,,,
-20.0,0.03609451702541727,-2.192255807965088,0.2338407501863414,0.0,3266.3246511250204,41292.71401402144,21,30165,640000,0.0003,-4489952624640.0,0.05000000074505806,2.492264291613128e+23,1519307718656.0,630001,1312.03,588480.62507332,,,,,,,
-20.0,-0.1805415209328615,-1.9380424772083895,-0.10479075996761295,0.0,2419.3924951482823,21317.396233897794,21,30240,642000,0.0003,-4375379705856.0,0.05000000074505806,1.489036169609395e+24,1509626871808.0,632001,1312.37,588873.5865115799,,,,,,,
-20.0,0.045454201982815315,-2.199387731308293,0.22170325476737932,0.0,3318.430304527914,41716.288069717855,21,30315,644000,0.0003,-4528333127680.0,0.05000000074505806,2.114481998598975e+23,1542068371456.0,634001,1312.54,589147.31614194,,,,,,,
-20.0,-0.21059479563143976,-2.003290199217222,-0.09322570480988572,0.0,2470.7340632321125,20240.8873151236,21,30390,646000,0.0003,-4375643422720.0,0.05000000074505806,1.758325990995455e+23,1414966804480.0,636001,1312.58,589186.14831555,,,,,,,
-20.0,0.08427670361943991,-2.2122877153237344,0.17126924469354665,0.0,3350.554419267391,40890.41595987189,21,30465,648000,0.0003,-4537674891264.0,0.05000000074505806,2.356702339949574e+23,1519391604736.0,638001,1312.57,589180.6342783201,,,,,,,
-20.0,-0.18930876630171636,-2.0192542303901697,-0.028613635111368572,0.0,2457.3422965599275,19407.313084901965,21,30540,650000,0.0003,-4434780749824.0,0.05000000074505806,2.0504352274342286e+23,1484105711616.0,640001,1312.27,588833.5532122902,,,,,,,
-20.0,0.053054747032376386,-2.1740489639590455,0.10427176594709418,0.0,3304.581982680021,40946.02802005727,21,30614,652000,0.0003,-4594566430720.0,0.05000000074505806,2.3685050135650165e+23,1495996039168.0,642001,1312.01,588539.71950112,,,,,,,
-20.0,-0.1650260988264003,-1.9900112359553528,0.014884773366554119,0.0,2411.5690378468134,19715.029301251037,21,30689,654000,0.0003,-4626877251584.0,0.05000000074505806,2.7917115131407537e+23,1666801074176.0,644001,1312.03,588558.57985879,,,,,,,
-19.76000000000001,0.02914928901686947,-2.1525989402871257,0.0769858076186727,0.0,3288.3558262721494,41271.228043803894,21,30765,656000,0.0003,-4527972941824.0,0.05000000074505806,2.394859069778072e+24,9615816261632.0,646001,1312.27,588810.95396888,,,,,,,
-19.980000000000015,-0.15321314116274826,-1.9967387157338614,0.05845189024794638,0.0,2459.7670170486617,22546.370019006306,21,30839,658000,0.0003,-4692674871296.0,0.05000000074505806,2.2445333457584783e+23,1607478280192.0,648001,1313.16,589667.30681355,,,,,,,
-19.98,0.009477050046811299,-2.1801401451082185,0.07251753855055862,0.0,3317.7331472122164,40578.70789535292,21,30914,660000,0.0003,-4553083715584.0,0.05000000074505806,1.893089904805039e+24,10402889990144.0,650001,1312.95,589525.56271286,,,,,,,
-19.960000000000008,-0.12776508084685054,-1.9798985074642454,0.06485953390616138,0.0,2418.347026825428,20662.210432214306,21,30989,662000,0.0003,-4621818920960.0,0.05000000074505806,1.83717897643913e+23,1549156352000.0,652001,1312.87,589456.80192358,,,,,,,
-19.900000000000002,-0.011549644498869829,-2.170983291377946,0.03513628328277574,0.0,3300.1526443294506,40599.04263109585,21,31062,664000,0.0003,-4524627460096.0,0.05000000074505806,1.6572423370711542e+23,1672777695232.0,654001,1312.85,589366.2371862801,,,,,,,
