arm,seed,stage,step,dataset,accel_corr,accel_nrmse,mass_rel_frob_err,coriolis_corr,coriolis_nrmse,gradV_combined_corr,gen_rmse,quad_corr
constraint,0,100000,100000,reference,0.3565415143966675,3.279482577675163,0.29340435699268674,-0.03483846224789403,1.8158348096148882,0.2021094533855414,28.477018924160944,0.7413430213928223
constraint,0,100000,100000,policy,0.9268315434455872,0.39172514543544695,0.3288519167892574,0.5281642568066308,1.37330419279371,0.4025151798583287,95.95298811462096,0.3157900273799896
constraint,0,100000,100000,best_policy,0.8118901252746582,0.6924712501441044,0.3374826572505348,-0.3336717569361012,6.278110755056907,0.9603781264440658,29.40613393485304,-0.14783762395381927
compliant_ctrl,0,100000,100000,reference,0.5422163009643555,1.8474863809075488,0.31389255616619666,-0.039016940662500825,1.5718532485441787,-0.21328280660818133,14.615293619654993,0.09690561145544052
compliant_ctrl,0,100000,100000,policy,0.9715441465377808,0.2510040106473526,0.3589884587490768,0.28709937874313435,1.7890472672584303,-0.2745662331596484,34.39263709947522,0.343074232339859
compliant_ctrl,0,100000,100000,best_policy,0.9081504344940186,0.4667682215447406,0.4029233206099238,0.42765162148725977,1.1029543844341394,0.5980953866730097,63.92152752036582,0.38821086287498474
compliant_old,0,100000,100000,reference,0.4976244568824768,1.453622618766651,0.19817498584140053,0.2197738950626943,1.2835962819990538,0.7906128018962187,11.313519393962423,0.28415578603744507
compliant_old,0,100000,100000,policy,0.9453591704368591,0.3842569036272493,0.16113969271512707,0.7885246248002982,0.6329620040551295,0.6297673551563086,21.886378022460708,0.29703715443611145
compliant_old,0,100000,100000,best_policy,0.9251777529716492,0.41931530826311286,0.16884214199161446,0.2174591740808586,1.1556767550552656,0.4026473906323065,35.482485641076934,0.2599291503429413
constraint,0,188000,189579,reference,0.4102610647678375,2.686915698417789,0.26966989591464446,0.03242340622233313,1.65447193914766,0.5287813369403627,13.33886233684544,-0.29950231313705444
constraint,0,188000,189579,policy,0.8906521797180176,0.5253805200181371,0.30423142311467677,0.4468132792478152,1.543610920265983,0.7005495859661496,29.416885125513048,-0.17596863210201263
constraint,0,188000,189579,best_policy,0.8989386558532715,0.46634420360927775,0.36972057834677124,-0.3365598614100885,3.973825518492664,0.7525653296924536,15.768467993709985,-0.19458019733428955
compliant_ctrl,0,188000,196936,reference,0.5655651092529297,1.6589765527011533,0.5057316055044789,0.18294256155746413,1.2101442239392632,0.12472967174327423,34.35180292656826,0.5306731462478638
compliant_ctrl,0,188000,196936,policy,0.9082387089729309,0.5052417276268135,0.522565510732533,0.24797220814343032,1.9351848114153067,0.9118297884987785,38.82081438866547,-0.5371618866920471
compliant_ctrl,0,188000,196936,best_policy,0.9266079664230347,0.3980599404261559,0.5282694092172534,0.5049296169617878,0.9586565769979114,0.6644813953088297,64.20683141961625,0.39894917607307434
compliant_old,0,188000,181845,reference,0.4908278286457062,1.4381234878383833,0.28730105779894083,0.07070969921771271,1.6097332161029845,0.7492790484276158,8.988028911130428,-0.3535670340061188
compliant_old,0,188000,181845,policy,0.8610402941703796,0.5146241858633215,0.2799094011744643,0.5466330107592707,0.8724332154552907,0.7909652097263498,13.578251946041108,0.0888056755065918
compliant_old,0,188000,181845,best_policy,0.9319338798522949,0.40827812822273946,0.28908737070016943,0.5252684334110013,0.9830039801890066,0.3857482199420106,28.37880770918206,0.029387488961219788
constraint,1,100000,100000,reference,0.5281097292900085,1.9287538684600651,0.40908812405060985,0.05949968424294883,2.0920108855675834,0.5256131474013997,14.196627680030176,0.28513744473457336
constraint,1,100000,100000,policy,0.9419077634811401,0.3686903719127921,0.3884098991326401,0.6003553093178358,1.1827025537289628,0.7708819916617509,26.207885044581907,0.30459222197532654
constraint,1,100000,100000,best_policy,0.9297642707824707,0.4493597248975063,0.29076696747089437,0.8561863251274533,0.6094132706416994,0.6585915788371107,17.28820777434318,0.059375304728746414
compliant_ctrl,1,100000,100000,reference,0.4179900288581848,2.632281335309265,0.3714054698505903,0.10816040470309898,2.1016723553027035,0.09355700927460261,572.8339830099982,0.6522186398506165
compliant_ctrl,1,100000,100000,policy,0.9482510089874268,0.3375210220213829,0.35504810436840706,0.34483860318857446,1.5981371262915098,0.5817948304495646,993.7253544920317,0.563090443611145
compliant_ctrl,1,100000,100000,best_policy,0.9313831329345703,0.3734231497163178,0.3733181138485898,0.17954776456648885,2.754480677199144,0.4877676465403803,2142.166960785776,0.5652787089347839
compliant_old,1,100000,100000,reference,0.5540259480476379,1.1605156925156985,0.22812923352549114,-0.19721563968402997,2.598866628289345,0.8746338819909742,18.131804764213676,0.3616320490837097
compliant_old,1,100000,100000,policy,0.8787951469421387,0.5108645842094565,0.29623460725387185,0.623328377184865,0.7968552929160541,0.8702482431326962,52.67468034015275,0.13786672055721283
compliant_old,1,100000,100000,best_policy,0.8603174686431885,0.5240843682132079,0.39225985087549375,0.11457532906290328,1.4013460372309892,0.8989559750558258,70.05103726081833,0.4154275357723236
constraint,2,100000,100000,reference,0.5381947755813599,2.2726143874566795,0.24119409140000772,0.673385505708861,0.7501699865096524,0.9591565942981927,16.57832204511289,0.34142640233039856
constraint,2,100000,100000,policy,0.9649853706359863,0.3092056215702724,0.3028610276353152,-0.05336903408380292,1.3000676845680605,0.7890416261488644,12.071043489138257,0.05108237639069557
constraint,2,100000,100000,best_policy,0.8757092356681824,0.5502423055214714,0.23162082614395502,0.6808699369092652,0.758928385169193,0.914292261929956,42.83270804252793,0.5897720456123352
compliant_ctrl,2,100000,100000,reference,0.5349996089935303,2.0048527431470626,0.33843547212711833,-0.10739771989318535,1.819323927988098,0.24255745660795008,17.48620352075367,-0.13502860069274902
compliant_ctrl,2,100000,100000,policy,0.9396696090698242,0.39761530960854813,0.2718423395530752,0.738407480752876,0.6981514112658842,0.8231178588867315,28.361772853709358,0.28099775314331055
compliant_ctrl,2,100000,100000,best_policy,0.8636799454689026,0.5257103142182874,0.3896566903601293,0.6138504926809879,1.0028233330732519,0.420944363291618,95.61363380371968,0.04319222271442413
compliant_old,2,100000,100000,reference,0.4247734248638153,1.5964624396824365,0.27075307059364345,-0.13588181787713485,1.2902941551217704,0.9146708346268949,11.507828133040247,0.6991204023361206
compliant_old,2,100000,100000,policy,0.9452962875366211,0.3618586930654346,0.20629630001589583,0.432581965860101,0.9824385850968321,0.2852077135948723,16.658961375243575,0.618989884853363
compliant_old,2,100000,100000,best_policy,0.8954287767410278,0.4574560456311157,0.23547274653148773,0.6719049507016511,0.7414768163981047,0.8331931899922258,34.364338278000815,0.3409190773963928
constraint,3,100000,100000,reference,0.27363619208335876,4.208545423537287,0.31991649752210277,-0.1547223198469437,2.3175201703652397,-0.00548512385376495,18.519918954079188,0.038204118609428406
constraint,3,100000,100000,policy,0.8476737141609192,0.6559138413233123,0.35547067688268813,0.4433244943822047,1.38129768211016,0.5960638779714102,20.78872708488954,0.284354031085968
constraint,3,100000,100000,best_policy,0.8641100525856018,0.5366952138328133,0.3671270533112926,0.1787294721087456,1.491670638699084,0.4648573413708183,85.68872094432436,0.17239613831043243
compliant_ctrl,3,100000,100000,reference,0.49986374378204346,1.995223394081054,0.38888934064009184,0.04274859853963969,1.8460321956945154,0.3811565143898692,1429.7389967500133,0.4176221191883087
compliant_ctrl,3,100000,100000,policy,0.9450165033340454,0.34506617292999114,0.45744247322843795,0.5345231930412847,0.9516617800411467,0.29899884073242206,2883.2747908354677,0.3446994423866272
compliant_ctrl,3,100000,100000,best_policy,0.9011226892471313,0.45909347338048134,0.40052875698586715,0.2754883208163603,1.3992083636695987,0.49013170637889825,4079.1523883833565,0.5012854337692261
compliant_old,3,100000,100000,reference,0.4563084840774536,1.787682399778188,0.3816369637922026,0.15515596323188893,1.36725085559973,0.7067099211987307,8.872842317409445,0.20153971016407013
compliant_old,3,100000,100000,policy,0.8759809732437134,0.4865478076540525,0.4005017121462615,0.5184441212078836,0.8878701412035962,0.2305367342610523,15.62216879960204,0.25389546155929565
compliant_old,3,100000,100000,best_policy,0.9053061604499817,0.46557555167835474,0.4648610206119392,0.8176004310125826,0.5926540994762625,0.7870840215761109,29.294336485162823,0.11694134771823883
constraint,3,188000,186377,reference,0.3883710503578186,2.7347868051704323,0.19788913037147288,0.22527683186789021,2.334819897480919,0.4395957704067054,8.746133561180576,0.6524903774261475
constraint,3,188000,186377,policy,0.9325750470161438,0.3740338838928904,0.26212265628969256,0.3009861719035793,1.2144555930165586,0.5076956290016531,47.54787916080095,0.2682708501815796
constraint,3,188000,186377,best_policy,0.9149593114852905,0.4139170821524863,0.30970353389337074,0.4757258174291686,1.086900822059853,0.4075928501132584,53.06484392840973,0.14662794768810272
compliant_ctrl,3,188000,181061,reference,0.5796754956245422,1.670195660794538,0.3318508630548392,-0.008442470824131,2.117497076884312,0.30646843086814984,29.84796249405708,0.2325430065393448
compliant_ctrl,3,188000,181061,policy,0.900159478187561,0.4902110187545088,0.3639774873076982,0.42005469872346274,1.673840790330606,0.3386226191969796,65.33358343176371,0.09923496842384338
compliant_ctrl,3,188000,181061,best_policy,0.9181844592094421,0.4206085467822254,0.3227254480110435,0.3468485386097081,1.2546346018656795,0.46958338466074756,111.66461180856419,0.47106221318244934
compliant_old,3,188000,182964,reference,0.4299827814102173,1.8927161037295428,0.4177138602545135,0.4027585293794636,1.162599786033616,0.6919761295930834,10.09653645749704,-0.1327112764120102
compliant_old,3,188000,182964,policy,0.9376509785652161,0.37563132200522226,0.42240302134785424,0.7538685772561762,0.848892904913727,0.25328119668573096,23.56649849038318,0.1934424787759781
compliant_old,3,188000,182964,best_policy,0.9097872972488403,0.44278062630135007,0.4251211690062126,0.8492534800356328,0.5299478334763246,0.7435102457604634,40.771670014119614,0.2425757348537445
constraint,4,100000,100000,reference,0.6053205728530884,1.5188177723965144,0.35076754306054886,0.006759743976345006,2.0652281447674943,0.6155431123875429,9.829165021075136,0.2060651183128357
constraint,4,100000,100000,policy,0.9486489295959473,0.34631409581991607,0.3307082358381747,0.6011529798361733,0.968685689542054,0.49068946088247395,29.38172944635697,0.2191416472196579
constraint,4,100000,100000,best_policy,0.783586323261261,0.7497060258188053,0.30561342505825645,0.26524570759472776,1.0620261153726633,0.4402061011054338,42.364613551108775,0.44486522674560547
compliant_ctrl,4,100000,100000,reference,0.4369269907474518,2.066446810690471,0.2991187112879222,0.041275081751837785,2.0867496712625493,0.7892653668157223,30.252257134665488,0.7569823861122131
compliant_ctrl,4,100000,100000,policy,0.9113925695419312,0.4154833879191864,0.3052129711631482,0.4732452637842182,0.9559577187580398,0.3880054941779632,80.24514099122064,0.4792007803916931
compliant_ctrl,4,100000,100000,best_policy,0.9130939841270447,0.4645394118834412,0.2961965857458748,0.2645196497725454,1.310130410968267,0.8238600745618733,9.965854639815442,0.6997104287147522
compliant_old,4,100000,100000,reference,0.48261475563049316,1.443138096609315,0.31534240427152116,-0.14220522627326362,1.917748348217629,0.3557741830092264,9.000766459118392,-0.37969470024108887
compliant_old,4,100000,100000,policy,0.9085506796836853,0.44524469199343686,0.3712944491096384,0.42233722397141116,1.0494500380433074,0.6969840157440089,31.62443748196544,0.23124530911445618
compliant_old,4,100000,100000,best_policy,0.9151664972305298,0.4390597529445839,0.3679258776316113,-0.13285374158321203,1.3988927302123986,0.7533870641423647,47.298668028222124,0.34466779232025146
constraint,5,100000,100000,reference,0.4028002619743347,2.8601133464832347,0.460025908941897,0.44786807571156523,1.1525680499592847,0.9818954192257116,15.149183092550613,0.3883448839187622
constraint,5,100000,100000,policy,0.8703358769416809,0.5615426215168549,0.427824521340278,0.7533214116857888,0.6782356829408683,0.8679301467207206,49.88158570856006,0.30117809772491455
constraint,5,100000,100000,best_policy,0.6884416937828064,1.129845888302821,0.4042578328297645,0.5739511107275771,1.0149208199829487,0.9155756978810183,47.72870104735478,0.2620795667171478
compliant_ctrl,5,100000,100000,reference,0.3396996557712555,3.0868082492265843,0.3257571091038713,-0.07941479347916934,1.8246263713342563,0.00547787268230442,109.98601060507175,0.8363032341003418
compliant_ctrl,5,100000,100000,policy,0.9193584322929382,0.4424129793423303,0.424999101680487,0.40680720696890704,1.4029204046039827,0.2943470605134797,180.18041320315476,0.26035234332084656
compliant_ctrl,5,100000,100000,best_policy,0.9169468879699707,0.41658512446203766,0.37208704562832606,0.4143655456312014,1.368851742344923,0.5213372553056781,273.7822560817564,0.6641461849212646
compliant_old,5,100000,100000,reference,0.4530097246170044,1.4941726480609179,0.29354030015379634,-0.008207492680253675,1.4939415468689814,0.9406132190149646,9.14307276043639,-0.25463759899139404
compliant_old,5,100000,100000,policy,0.7575832605361938,0.682051070020933,0.38987208563147346,0.07164279600263264,1.7407009503093085,0.8888229002790766,8.261965223108493,-0.24539974331855774
compliant_old,5,100000,100000,best_policy,0.900376558303833,0.460197906700284,0.3233073584619357,0.5727223141535763,0.8293865215166728,0.7619857612660289,42.02228075305607,0.46367722749710083
constraint,6,100000,100000,reference,0.5759925842285156,1.7461074442184314,0.27833417870104765,0.606420921751299,0.7972669744978449,0.9883610714862242,6.387014473662319,0.9331185817718506
constraint,6,100000,100000,policy,0.9687837362289429,0.252313800879808,0.5912410414397559,-0.5293939768077909,1.534038700810148,0.7200525288182744,7.768272631617923,0.2398988902568817
constraint,6,100000,100000,best_policy,0.9049426913261414,0.47781927678237734,0.2687802176014876,0.4470204898838413,1.5290035476395907,0.8243826606161044,37.00112681885137,0.7263906002044678
compliant_ctrl,6,100000,100000,reference,0.47545158863067627,1.9358110807974829,0.18462077972767252,-0.15180204389235147,1.792378938051707,0.15732818154727712,32.958643487512326,-0.037677448242902756
compliant_ctrl,6,100000,100000,policy,0.9326022863388062,0.41228116917284185,0.10741128413912136,0.6322441210100961,0.7743563500395166,0.8367443008466687,22.026031250357136,-0.12637563049793243
compliant_ctrl,6,100000,100000,best_policy,0.9279104471206665,0.3988835885694743,0.1305905609108689,0.33992509715202096,1.294097831152015,0.541929341556026,33.2972039250344,0.5832878947257996
compliant_old,6,100000,100000,reference,0.5340505838394165,1.2534476646494757,0.19753004409181252,0.10123439903757844,1.4979060207831572,0.851779826093792,12.889858139662975,-0.27033787965774536
compliant_old,6,100000,100000,policy,0.944381833076477,0.36832606720435135,0.151733428929874,0.7081062999132862,0.6991993354168198,0.5369096654785863,24.99344182852327,0.08532798290252686
compliant_old,6,100000,100000,best_policy,0.8384138345718384,0.5465538982186658,0.24108952303261127,0.45734287635321724,1.1478637488386194,0.8905392201816603,43.225484601500575,0.25458717346191406
constraint,7,100000,100000,reference,0.31708383560180664,3.7343955991636144,0.2677763007208588,0.14937912821132043,1.9126488664490273,-0.19352398138307528,9.097231118522085,-0.3274223506450653
constraint,7,100000,100000,policy,0.9514861702919006,0.33447774153390253,0.4644132656142561,-0.3722458580967256,1.302745395269424,0.07191109168177716,40.74449376189498,0.6530479192733765
constraint,7,100000,100000,best_policy,0.9519413113594055,0.31012399615816305,0.46673949221883204,0.19098082185595067,1.0093517790404283,-0.08075651472185774,23.57027800913683,0.6510851383209229
compliant_ctrl,7,100000,100000,reference,0.3791048526763916,3.1802858589309824,0.3656343718161883,0.06783568131395479,1.892718180230257,0.14760422334544068,16.31813471737307,0.3930046260356903
compliant_ctrl,7,100000,100000,policy,0.9635508060455322,0.32115405159131405,0.25510022773447394,0.6913092324605463,0.7195211038782904,0.7755315246315448,16.34954019724156,0.2091371715068817
compliant_ctrl,7,100000,100000,best_policy,0.9375728964805603,0.41302875552050783,0.2943208322684552,0.6739826690076277,0.7540137029951475,0.8563040087741554,21.289040613415107,0.2592422068119049
compliant_old,7,100000,100000,reference,0.44327718019485474,1.5516514242939579,0.18516405300082212,0.013330529142059441,1.917244255649056,0.7705561406292433,15.738433734724076,0.4103700518608093
compliant_old,7,100000,100000,policy,0.9360465407371521,0.3867040744819003,0.17269053082231406,0.6982780380588351,0.7370688729373729,0.6434621895902811,27.407205153627494,0.11487170308828354
compliant_old,7,100000,100000,best_policy,0.8289032578468323,0.5698859160203187,0.2747326091438394,0.16840531801341063,1.4845400845578642,0.7666871733078201,90.8094889370952,0.4547469913959503
constraint,8,100000,100000,reference,0.2612321376800537,4.134029875140757,0.27857416533084056,0.07368097927427027,2.199808909076193,-0.325811019213684,80.55119838152608,0.43076634407043457
constraint,8,100000,100000,policy,0.9063702821731567,0.46333546148389126,0.28329651468500006,0.5285583057888905,1.4347734486397719,0.46085456149470144,308.7133579975823,0.6082935929298401
constraint,8,100000,100000,best_policy,0.9014362096786499,0.4532735417777528,0.2586190055933071,0.6538143685513285,0.8019925716729008,0.4392861381402448,218.7455591163666,0.557354211807251
compliant_ctrl,8,100000,100000,reference,0.6183088421821594,1.3658609223878895,0.2588361694011032,-0.07331857027946498,2.1660909080984685,0.6465436150139794,12.875616440639332,0.7511793375015259
compliant_ctrl,8,100000,100000,policy,0.8755974769592285,0.5926278569985888,0.2699402835877524,0.2148416671284702,1.1355493439488087,0.614217202792934,26.49246540980507,-0.26471829414367676
compliant_ctrl,8,100000,100000,best_policy,0.8819671869277954,0.525971912321781,0.2683218141743113,0.6635564046175393,0.8176096141328334,0.7648839965734175,43.38041213197342,0.21298161149024963
compliant_old,8,100000,100000,reference,0.4565642774105072,1.5543225149219697,0.2531272495318016,-0.18210359909233803,2.6261029133118874,0.824926814049759,13.248511145303807,0.39937612414360046
compliant_old,8,100000,100000,policy,0.9591943621635437,0.3600998393383287,0.1844848851216095,0.5249434161665348,1.1396896343640581,0.7795248074025838,12.45274750474766,0.16861779987812042
compliant_old,8,100000,100000,best_policy,0.8764612674713135,0.5154792249736643,0.20702504656927695,0.41097679727371744,1.040955100657089,0.8611577866671248,54.11015945697831,0.259082555770874
constraint,9,100000,100000,reference,0.17775611579418182,6.808985532373286,0.2809002017149425,0.22701889511498222,2.775666915827621,-0.343358032144955,13.451628793358598,-0.0537317730486393
constraint,9,100000,100000,policy,0.9176353216171265,0.41019325835681164,0.23988782275741768,0.7115897431409856,1.4571217955745612,0.5839356724287083,65.28567250834598,0.3933922350406647
constraint,9,100000,100000,best_policy,0.24611301720142365,1.3669907316759977,0.7799720150881612,-0.1470264377936611,7.088163769757927,-0.4909235647573593,146.73845621773754,0.11004317551851273
compliant_ctrl,9,100000,100000,reference,0.25057870149612427,4.619486015572153,0.494863135603943,0.15030169363111082,1.2221967302503438,-0.3042929250147548,90212.47580233257,0.26232486963272095
compliant_ctrl,9,100000,100000,policy,0.9298156499862671,0.37536462831321976,0.5130848383005361,0.3667492029307783,3.746802099142495,0.4884846450499787,624885.2482575898,0.3746151626110077
compliant_ctrl,9,100000,100000,best_policy,0.9744969010353088,0.24563160653276975,0.5326507425147262,0.5055137018671448,0.8546142019701618,-0.02890744391432477,199281.81422189804,0.38159915804862976
compliant_old,9,100000,100000,reference,0.42790931463241577,1.7477116730065538,0.24900053318841445,-0.3311312021861653,1.9500665712278176,0.33732162354686585,13.158768683284675,-0.7687463760375977
compliant_old,9,100000,100000,policy,0.9471040368080139,0.3386267911793325,0.3349512221007126,0.2917533082184745,1.2355970392914255,0.5235348548367736,18.236417939124646,0.4975843131542206
compliant_old,9,100000,100000,best_policy,0.9365828633308411,0.4039359835231502,0.2921609150034959,0.3775320489922465,1.1741348710723811,0.7036942854250632,43.70042379801422,-0.0617474764585495
constraint,9,188000,185649,reference,0.25985777378082275,4.452107728834374,0.3125230282236786,0.563778459993694,1.568049650297987,-0.2800797132679404,16.809599295315287,-0.03305825591087341
constraint,9,188000,185649,policy,0.9421491622924805,0.35689624070237397,0.27266668953102313,0.7970547735647507,0.6891079779545584,0.4222871415229658,23.095460211193892,0.22027860581874847
constraint,9,188000,185649,best_policy,0.9798398613929749,0.20763351890018694,0.5177106975040082,-0.3111580679511178,1.3035597979480018,0.5346323605498067,21.814808667108004,0.03344625607132912
compliant_ctrl,9,188000,179472,reference,0.3598628640174866,3.2162562927235547,0.5773544624275001,-0.006445404678275894,1.2232092408438628,-0.012310041466429198,9398.244543107225,0.8597873449325562
compliant_ctrl,9,188000,179472,policy,0.9349315166473389,0.37137938478413035,0.5787590599109709,0.1179855578419786,1.5128846864586545,0.4308135206317603,35105.32828134904,0.46974968910217285
compliant_ctrl,9,188000,179472,best_policy,0.97288578748703,0.2525811071476502,0.5935949803531166,0.7099960989704593,0.8035229929756718,0.5286390346098705,9357.56527512185,0.16988621652126312
compliant_old,9,188000,181485,reference,0.5812156796455383,1.1565305736330382,0.1927577251400006,-0.03097451292457821,1.7529680684097078,0.6933084337790681,13.620393683560087,0.7356356382369995
compliant_old,9,188000,181485,policy,0.88717120885849,0.4886144098323059,0.28209557927028617,0.06837875117454188,2.0880422925973,0.8425155136443219,31.643480125035154,0.02662540413439274
compliant_old,9,188000,181485,best_policy,0.9309130311012268,0.40265399963936954,0.2228530949606268,0.5863613336532006,0.9870166760516166,0.7918418252998708,41.05048450392527,0.017988277599215508
constraint,11,100000,100000,reference,0.3455429971218109,3.3351196268770553,0.6905119856990338,0.8839078218654514,0.46728981845019185,0.9390908030046599,15.346429197267208,0.6217094659805298
constraint,11,100000,100000,policy,0.9397786259651184,0.38209484666777854,0.7037373040286206,0.9613166552454749,0.36761786626438153,0.9680641428672997,4.613447014996187,0.7562886476516724
constraint,11,100000,100000,best_policy,0.8722330331802368,0.57021140002406,0.7076206378818768,0.857417107260391,0.6076941542454942,0.9669038949495555,31.356395313654446,0.4010072648525238
compliant_ctrl,11,100000,100000,reference,0.3335135877132416,3.3446813839295175,0.20096911724967068,0.2125038104463044,1.7796339513589614,-0.09982502417095895,15.876745556120115,0.44117847084999084
compliant_ctrl,11,100000,100000,policy,0.9113562703132629,0.4265823117056146,0.2515711876767462,0.3715091511202032,1.4479198764314503,0.49388702292945313,50.76187663355219,0.24028213322162628
compliant_ctrl,11,100000,100000,best_policy,0.7898591160774231,0.8326222823755158,0.3561968154827448,0.4844202709478401,0.8624741623498272,-0.03732331474373734,12.97934134434854,0.6625353693962097
compliant_old,11,100000,100000,reference,0.5183454751968384,1.2797782091900025,0.2923784202588052,0.11157209832923225,1.9176408893210648,0.2640219629324958,13.110968720104669,0.2945900559425354
compliant_old,11,100000,100000,policy,0.8859773874282837,0.5009272169819332,0.3249067329887976,0.1976996908059573,1.928424971511283,0.6244984272959047,32.59811902624546,0.19501571357250214
compliant_old,11,100000,100000,best_policy,0.8649601340293884,0.5145531391945993,0.3773465249010618,0.6234806094283689,0.8479720662195991,0.798422136662565,49.7287240471121,0.3471265435218811
constraint,11,188000,186617,reference,0.2972584664821625,3.8867797664530017,0.6844392842250102,0.7088954960883836,0.720309150091594,0.7368471799230462,11.459106159140257,0.7652235627174377
constraint,11,188000,186617,policy,0.9427714943885803,0.38544868530841425,0.6882879285294847,0.909156793113874,0.43250968551494196,0.9697518727333583,10.281521915490856,0.4388059973716736
constraint,11,188000,186617,best_policy,0.9080979228019714,0.48631471866883286,0.6928202749374819,0.8720648186597486,0.4946292000704837,0.9663909106250266,27.269086571096224,0.2785651385784149
compliant_ctrl,11,188000,193181,reference,0.3724437355995178,3.1370712612833977,0.18221327926060873,0.31597803108578154,1.428169984858276,0.12667335201154142,11.481301595843888,0.705647885799408
compliant_ctrl,11,188000,193181,policy,0.9038571119308472,0.43417469350994364,0.2192639984906107,0.7131088835414209,1.0046326889357642,0.3951884878124127,56.06507389112932,0.16671203076839447
compliant_ctrl,11,188000,193181,best_policy,0.7306270599365234,0.9426793653897415,0.3222119733570989,0.7513022859074147,0.74692923629211,0.6516543632196578,13.852933523813494,0.32475852966308594
compliant_old,11,188000,181704,reference,0.5541259050369263,1.162283052962012,0.32825897702130297,0.4606309758695385,1.531424159391491,0.11860059777145086,10.033079721825827,-0.14563436806201935
compliant_old,11,188000,181704,policy,0.9007473587989807,0.48042106056491346,0.2828873272006884,0.7507517375405552,0.804931627865807,0.4496241647720897,17.231278065957056,0.15306691825389862
compliant_old,11,188000,181704,best_policy,0.8936247825622559,0.47861043910941614,0.3508012374599679,0.6647566775222888,0.8480610567099806,0.7339583692871314,66.67084200156214,0.12334461510181427
