rollout/acrobot_xk_applied_torque,rollout/acrobot_xk_elbow_norm,rollout/acrobot_xk_elbow_rate_norm,rollout/acrobot_xk_energy_error_norm,rollout/acrobot_xk_homoclinic_capture,rollout/acrobot_xk_lyapunov,rollout/acrobot_xk_lyapunov_rate,time/fps,time/time_elapsed,time/total_timesteps,train/learning_rate,train/actor_loss,train/alpha,train/alpha_loss,train/critic_loss,train/fraction,train/n_updates,rollout/ep_len_mean,rollout/ep_rew_mean,eval/best_strict_capture_mean_max_duration,eval/best_strict_capture_success_rate,eval/mean_ep_length,eval/mean_reward,eval/std_reward,eval/strict_capture_mean_max_duration,eval/strict_capture_success_rate
-0.3236432155808146,-0.0005732858901228339,0.024759719937863803,-0.9929754361537687,0.0,1192.4648439386835,49.297523256300444,2118,0,2000,0.0003,,,,,,,,,,,,,,,
-0.19515433424268877,-0.04012230618072695,-0.028894569309780956,-0.9927543189101201,0.0,1197.6871313200074,18.210802949507997,2148,1,4000,0.0003,,,,,,,,,,,,,,,
-0.1778119168581905,0.005957131256600446,0.04566207724234117,-0.9942357007504798,0.0,1194.2239568286775,29.834478419519154,2160,2,6000,0.0003,,,,,,,,,,,,,,,
0.4545973842602691,0.02914238031551048,-0.06538985093022542,-0.9951477582218321,0.0,1194.5105688631802,40.665492806161474,2166,3,8000,0.0003,,,,,,,,,,,,,,,
-0.06857827435909729,-0.007010201829707002,0.03964130374693299,-0.9937850692310146,0.0,1199.6806362303075,50.96485836446053,1481,6,10000,0.0003,-0.3620404303073883,1.0,-0.0,725076.375,80.44657135009766,1,,,,,,,,,
-18.462527022361783,-0.11954973175303119,-1.813485114445875,-0.22270895042399597,0.0,2323.8009986651614,18731.646118823883,166,71,12000,0.0003,-81698.3046875,1.9612518548965454,-3.1029253005981445,5861208.0,27378.923828125,2001,11474.0,6715611.767057,,,,,,,
-19.9882308965921,-0.04066816525059278,-2.0062075500635124,0.16500307514780888,0.0,2568.437157802214,25017.597674222205,100,138,14000,0.0003,-634889.9375,3.8128411769866943,-8.920031547546387,1420254464.0,262598.96875,4001,6400.5,3659390.7067515,,,,,,,
-19.998668161630622,-0.10941388838997096,-2.1593452731164846,-0.0511164366386366,0.0,3167.9582128105117,36923.549349041605,77,205,16000,0.0003,-2988600.5,7.962610244750977,-24.592676162719727,904991866880.0,1275152.125,6001,3857.5,2125554.1186812497,,,,,,,
-20.0,0.0030462998470418344,-2.1784470389155186,0.2194849297121401,0.0,3014.1731216534254,33723.31067781349,65,273,18000,0.0003,-8509307.0,14.943277359008789,-30.478376388549805,454254264320.0,3394720.5,8001,3348.6,1817717.2054523998,,,,,,,
-20.0,-0.17281031860393137,-2.0639384095557514,-0.07792665082181825,0.0,2790.419473021248,26815.644319764935,58,341,20000,0.0003,-17759368.0,26.871017456054688,-34.68086242675781,3492559454208.0,7161903.5,10001,2758.4285714285716,1458412.2426071425,,,,,,,
-20.0,0.04871583695035284,-2.1766701324260547,0.21364939880215097,0.0,3264.586640312611,40962.659870924355,53,408,22000,0.0003,-29759274.0,47.96505355834961,-37.9439582824707,11164425650176.0,10727496.0,12001,2436.5555555555557,1264730.2664200002,,,,,,,
-20.0,-0.21759055473833416,-2.0253268032363576,-0.07800317739543312,0.0,2504.3264854234244,20158.269713978152,50,476,24000,0.0003,-48245648.0,85.3891372680664,-40.088382720947266,30220836929536.0,18710162.0,14001,2321.4,1194384.1327814,,,,,,,
-20.0,0.09237131309302202,-2.19391863084177,0.14173391139800728,0.0,3313.1486585539274,40202.64917456144,47,543,26000,0.0003,-72077408.0,153.02394104003906,-44.16029739379883,71500971376640.0,25846028.0,16001,2150.0833333333335,1090005.3150000002,,,,,,,
-20.0,-0.17905299974406108,-2.029317968171665,0.005799132653850926,0.0,2456.154111906829,20094.941714410434,45,611,28000,0.0003,-100038200.0,277.8092041015625,-49.16170883178711,135928785928192.0,35745200.0,18001,2085.846153846154,1051495.120490308,,,,,,,
-20.0,0.04225646465025718,-2.19805594671431,0.0897012795901202,0.0,3348.259279393317,40123.1357134028,44,678,30000,0.0003,-136868624.0,503.72052001953125,-52.730262756347656,246926830206976.0,48891784.0,20001,1979.4666666666667,986605.8474824668,,,,,,,
-20.0,-0.15115381737693379,-1.9793087958790418,0.0381959272874292,0.0,2427.704648972838,21591.380490143252,42,746,32000,0.0003,-174470464.0,903.7535400390625,-53.7699089050293,369268168327168.0,62565160.0,22001,1939.0,963156.1491345,,,,,,,
-20.0,0.009739154874924504,-2.1865972857084546,0.05098746550010675,0.0,3297.280006920095,39391.364462162965,41,814,34000,0.0003,-220391808.0,1604.30126953125,-52.46993637084961,610150033391616.0,78337440.0,24001,1869.1666666666667,921026.0842288333,,,,,,,
-20.0,-0.128035314046959,-1.9730597518856485,0.06243738696764285,0.0,2425.0271012721796,21932.149539039936,40,881,36000,0.0003,-269059840.0,2871.722900390625,-54.58710479736328,1097032894775296.0,93966784.0,26001,1840.7894736842106,904588.0967592105,,,,,,,
-20.0,-0.01564144407400164,-2.167971027797046,0.057323875317436324,0.0,3297.846197493859,41177.07362028905,40,949,38000,0.0003,-352313824.0,5185.4541015625,-57.952117919921875,1.0794649752961024e+16,124495912.0,28001,1791.952380952381,876162.4384026667,,,,,,,
-20.0,-0.08303075926963262,-2.0510935146912552,0.12185024300200856,0.0,2536.241875235123,22027.13651460742,39,1016,40000,0.0003,-444196736.0,9404.251953125,-61.588714599609375,3258637321502720.0,151334976.0,30001,1769.7272727272727,862538.9057504546,,,,,,,
-20.0,-0.06727093628338394,-2.1626303723576688,0.022239626760507156,0.0,3239.160989093002,39790.54289293834,38,1084,42000,0.0003,-514097152.0,17030.232421875,-63.2198486328125,3002132210909184.0,166740336.0,32001,1730.9166666666667,839413.03876175,,,,,,,
-20.0,-0.03993476087254677,-2.074807775039027,0.1589709636857238,0.0,2677.798253488489,24499.040914869503,38,1151,44000,0.0003,-594410752.0,30459.521484375,-62.65282440185547,5046600531443712.0,207887840.0,34001,1712.84,828141.04325912,,,,,,,
-20.0,-0.11275311559039859,-2.125797190320691,-0.051106796012860486,0.0,3059.731729568612,35042.79956672755,37,1219,46000,0.0003,-684884608.0,55020.99609375,-65.79193115234375,7360936142700544.0,226194896.0,36001,1682.3333333333333,809351.0113649629,,,,,,,
-20.0,-0.020937347101665935,-2.0253545212186266,0.20375438681903243,0.0,2679.9629456407133,28153.44921758417,37,1286,48000,0.0003,-778053632.0,99511.7421875,-67.05162811279297,9586971521318912.0,294381056.0,38001,1670.142857142857,802725.914437107,,,,,,,
-20.0,-0.12095827642887516,-2.0897040104182834,-0.05236100323668278,0.0,3028.248520494542,36679.85822380924,36,1354,50000,0.0003,-912730688.0,179765.609375,-68.87442016601562,1.069533829791744e+16,331668256.0,40001,1647.6666666666667,790055.0309536332,,,,,,,
-20.0,-0.0059700126527701385,-2.149069103433909,0.24381567328464765,0.0,2965.2111737155356,33142.81071889212,36,1422,52000,0.0003,-1054436992.0,326428.65625,-71.56876373291016,1.4157614514438144e+16,361004480.0,42001,1637.741935483871,784635.0163192258,,,,,,,
-20.0,-0.1561553504770964,-2.052503283206127,-0.0982733523439836,0.0,2822.0046811190145,28914.227040582187,36,1489,54000,0.0003,-1163541632.0,588992.6875,-71.48480987548828,1.812366462497587e+16,416864672.0,44001,1616.3333333333333,771119.3324190606,,,,,,,
-20.0,0.03142621907909357,-2.2108898924349996,0.22462448326252435,0.0,3284.198729757784,40623.808127975106,35,1557,56000,0.0003,-1324798720.0,1053214.25,-71.9126968383789,2.7528275056132096e+16,504888960.0,46001,1599.0857142857142,760759.4231531713,,,,,,,
-20.0,-0.20015183732610134,-2.0080243403639586,-0.09520822390954232,0.0,2486.9253183190426,20190.88986551231,35,1625,58000,0.0003,-1454448000.0,1904414.75,-71.11669921875,2.763534429585408e+16,475364896.0,48001,1590.5555555555557,755367.7182766111,,,,,,,
-20.0,0.078850857292728,-2.2018910038638055,0.17527925800546332,0.0,3335.934049501974,40817.51019438629,35,1693,60000,0.0003,-1553322880.0,3420553.25,-70.19344329833984,2.996356875760435e+16,541993088.0,50001,1574.2368421052631,745018.8041257104,,,,,,,
-20.0,-0.19826749098348315,-2.0208082693188527,-0.0018106503462032972,0.0,2463.5544158677585,20874.045304285737,35,1762,62000,0.0003,-1812884096.0,6115832.0,-67.72991943359375,7.836380002936422e+16,1208335616.0,52001,1567.948717948718,741461.0605334615,,,,,,,
-20.0,0.0616718919269457,-2.2303323715538146,0.12757857667876055,0.0,3408.779626219941,40897.51047839981,34,1831,64000,0.0003,-1911567488.0,10943140.0,-65.9788818359375,1.087093846531113e+17,924864064.0,54001,1553.6829268292684,732373.4282508292,,,,,,,
-20.0,-0.14672421819745712,-1.9836704868404658,0.03503044590813255,0.0,2405.496344715006,20106.828750138648,34,1901,66000,0.0003,-1925323136.0,19526646.0,-63.226192474365234,3.1101583049202074e+17,1377054080.0,56001,1547.642857142857,728592.8692599047,,,,,,,
-20.0,0.002476848801701051,-2.2271203308452865,0.06159383777364321,0.0,3351.8249307428305,40081.85095610193,34,1971,68000,0.0003,-1877921152.0,34705132.0,-59.89517593383789,1.0431907251911393e+18,3560986880.0,58001,1536.7954545454545,722056.5694321591,,,,,,,
-20.0,-0.08918592704188567,-2.008802344911082,0.11187854572869096,0.0,2503.070959056946,22066.545023782088,34,2042,70000,0.0003,-1449122176.0,61257644.0,-56.93745422363281,2.42889980083857e+18,4105350144.0,60001,1531.0,718361.9598777777,,,,,,,
-19.980000000000015,-0.06353235463070632,-2.2135999117146925,0.01271703573843471,0.0,3283.1316687426056,38628.941867693015,34,2113,72000,0.0003,-1135283200.0,109281904.0,-55.43467712402344,1.1836288852497007e+19,15291386880.0,62001,1521.4255319148936,712577.0457812127,,,,,,,
-20.0,-0.01880357717146213,-2.135201455473287,0.20720732108695278,0.0,2845.8637277229573,27862.2478437662,33,2185,74000,0.0003,-523382080.0,195634144.0,-53.267147064208984,3.3547625885585113e+19,28245600256.0,64001,1516.4166666666667,709372.2549557084,,,,,,,
-19.960000000000008,-0.13581164011467042,-2.056562839698828,-0.06282002155435819,0.0,2946.062904508353,34416.73491616683,33,2257,76000,0.0003,153645072.0,351395008.0,-52.50230026245117,7.349948918854687e+19,24488415232.0,66001,1508.3,704730.4228394,,,,,,,
-19.94000000000002,0.0027969166077557147,-2.112956142109678,0.19958963246651262,0.0,2862.22178217049,30490.762643721806,33,2330,78000,0.0003,1203976704.0,632711936.0,-52.088539123535156,3.696986638234954e+20,65649217536.0,68001,1504.3333333333333,702239.8436496275,,,,,,,
-19.019999999999957,-0.12572273113549456,-1.9761847625895523,-0.13939646538474224,0.0,2770.631862253636,29164.873583775494,33,2403,80000,0.0003,3300684288.0,1139882240.0,-53.13675308227539,9.554794748182738e+20,106961698816.0,70001,1497.5283018867924,698226.9458715285,,,,,,,
-18.639999999999965,-0.07654244750034207,-1.8247443566376267,0.024787527989823335,0.0,2289.680332786181,23112.489944713252,33,2476,82000,0.0003,6670825472.0,2061746560.0,-54.68083953857422,2.956354198390157e+21,175922053120.0,72001,1496.5740740740741,698545.6734002038,,,,,,,
-19.439999999999998,-0.01857843990011457,-2.1326463380861935,-0.0123206757969725,0.0,3199.0651859262957,38023.34167602579,32,2550,84000,0.0003,12147032064.0,3735876608.0,-52.69890594482422,9.225637347467343e+21,310301917184.0,74001,1492.75,696759.5393290358,,,,,,,
-19.86,-0.13850132382361743,-1.9227508912530846,0.06407135056197194,0.0,2338.919849186879,21574.726416289555,32,2624,86000,0.0003,22531694592.0,6756390912.0,-54.177181243896484,2.954122214414832e+22,740740825088.0,76001,1490.5263157894738,695654.869346421,,,,,,,
-19.500674331188176,0.006767472831479281,-2.119767971485082,0.05684565331971323,0.0,3296.1086184973306,42916.54350986713,32,2699,88000,0.0003,40017342464.0,12174489600.0,-53.698570251464844,1.0779905239346641e+23,1022218338304.0,78001,1486.0,693529.9033277119,,,,,,,
-17.779999999999966,-0.20146221177022813,-1.7536922054167094,-0.11867629649059112,0.0,2229.3591448520924,20227.088187565707,32,2774,90000,0.0003,66693636096.0,21936015360.0,-48.80859375,5.157171372781727e+23,2555588902912.0,80001,1484.1333333333334,692714.4908261166,,,,,,,
-18.360000103712125,0.053711211656240494,-1.9261936382882863,0.0743880553818047,0.0,2547.6711646889,27157.79147871937,32,2850,92000,0.0003,127675129856.0,39691304960.0,-54.17594528198242,1.0887826078081231e+24,3799368073216.0,82001,1486.4590163934427,695486.6047500819,,,,,,,
-18.599999999999994,-0.08992683672405069,-1.9771272104873698,-0.14362467147249355,0.0,2941.6813921461444,32692.41279523544,32,2925,94000,0.0003,222740545536.0,71852064768.0,-52.517601013183594,3.2612627190131127e+24,7141855854592.0,84001,1483.2539682539682,693491.5860565396,,,,,,,
-16.519999999999975,-0.21428759796863175,-1.7009718007126786,-0.14326898831395365,0.0,2200.604161062389,19946.946714694463,31,3001,96000,0.0003,392347516928.0,129349386240.0,-52.02339172363281,1.4221830938275632e+25,15656876507136.0,86001,1482.390625,693149.1375084844,,,,,,,
-16.76000000000004,0.10627326479391937,-1.7442523321960441,-0.03963204779849532,0.0,2145.4275185067236,18647.90264738826,31,3076,98000,0.0003,689900552192.0,234166091776.0,-50.94617462158203,3.6427357371420537e+25,14507445321728.0,88001,1485.5076923076922,695969.8975879847,,,,,,,
-16.64,-0.0413222313693952,-1.775079813064538,-0.18441918429173845,0.0,2657.8105074983046,31282.62194821895,,,100000,0.0003,1245825859584.0,424638349312.0,-51.77269744873047,1.3814774015498713e+26,39843639853056.0,90000,,,0.0,0.0,40000.0,-144228840503.81796,10459522902.554049,0.0,0.0
,,,,,,,23,4258,100000,0.0003,1272930107392.0,424764735488.0,-53.45851135253906,1.739576850022606e+26,65710785036288.0,90001,1488.9850746268658,699426.060942597,,,,,,,
-19.640000000000015,-0.2285143828937262,-1.9541174556276657,-0.08680514271223846,0.0,2393.171897782057,19304.03591347605,23,4333,102000,0.0003,2267355807744.0,770496004096.0,-53.16865539550781,4.7683630702825585e+26,86968356569088.0,92001,1487.6764705882354,698690.0564095589,,,,,,,
-19.52,0.09517101565303367,-2.1146452380637664,0.1648076234210217,0.0,3244.4443948703824,41495.03524562529,23,4408,104000,0.0003,3868021489664.0,1391512518656.0,-49.760555267333984,1.1907154890129683e+27,111934313594880.0,94001,1483.6285714285714,696277.3799448286,,,,,,,
-19.80000000000002,-0.20809621995703242,-1.9569597768264666,-0.09415930414718753,0.0,2424.3496365478504,20697.848774109098,23,4483,106000,0.0003,6944521715712.0,2501655134208.0,-50.69818115234375,4.607419360310115e+27,169770695524352.0,96001,1482.0281690140846,695438.1723744507,,,,,,,
-19.50000000000003,0.07683560721921678,-2.1566973598256483,0.17127185463385453,0.0,3273.500287763817,40133.06285565305,23,4558,108000,0.0003,12122317651968.0,4490384113664.0,-49.51332473754883,1.651191142603927e+28,352221040476160.0,98001,1477.5890410958905,692498.7095560684,,,,,,,
-19.659999999999968,-0.2051825222720637,-1.9636743171371955,-0.0657684426698271,0.0,2432.9211829096057,21757.368590329657,23,4633,110000,0.0003,21334365044736.0,8079385559040.0,-48.75788497924805,6.775530064802757e+28,1096790296231936.0,100001,1476.2162162162163,691886.0947598243,,,,,,,
-18.61999999999996,0.07289891925488964,-2.1214067604441396,0.17562991952760398,0.0,3231.625067924627,39374.84322390525,23,4708,112000,0.0003,36874194255872.0,14551176183808.0,-46.49604415893555,2.2302244630784748e+29,1619818864181248.0,102001,1473.4342105263158,690103.1802703552,,,,,,,
-18.880000000000003,-0.14085631292274703,-1.871598262056212,-0.18306414387733388,0.0,2441.565072849398,19949.56641383411,23,4783,114000,0.0003,63208937226240.0,26166226321408.0,-43.737369537353516,6.028545851200448e+29,2393440318914560.0,104001,1471.9610389610389,689104.0318811818,,,,,,,
-18.40000000000003,-0.03254369002645185,-1.8298797427145335,0.019006636229623636,0.0,2373.1284016801033,21704.527880107213,23,4858,116000,0.0003,114487822647296.0,47088385654784.0,-45.06266403198242,1.9660861851930107e+30,4446205442523136.0,106001,1470.8076923076924,688418.2257071282,,,,,,,
-15.899999999999984,-0.0062096503073553015,-1.839216628576092,-0.08928652047561438,0.0,2964.3860108853946,36221.74630426021,23,4933,118000,0.0003,205707525750784.0,84648025653248.0,-45.86412048339844,5.302945854184653e+30,7985321845194752.0,108001,1471.9125,689392.091812475,,,,,,,
-12.4,-0.08750373597585975,-1.3288796011686907,-0.3346631088607089,0.0,1731.4640560614876,18256.78644835867,23,5008,120000,0.0003,353679416754176.0,152975192358912.0,-42.85169219970703,2.0264142734517293e+31,2.015318699619123e+16,110001,1478.2469135802469,695572.3990705926,,,,,,,
-2.6599999999999975,-0.08232110269751874,-0.3582591223765132,-0.8904309167902575,0.0,1122.2386854606764,-176.30365190000256,24,5083,122000,0.0003,635508191395840.0,275967603900416.0,-43.32094955444336,4.920340658660065e+31,2.3272200836481024e+16,112001,1478.2469135802469,695572.3990705926,,,,,,,
-0.9000000000000004,-0.494472244366562,0.3368668432644035,-0.7311853659462006,0.0,871.2295353201381,1097.9473442979602,24,5157,124000,0.0003,1157652868497408.0,498106483343360.0,-44.810184478759766,1.600090500084286e+32,4.162139419416986e+16,114001,1478.2469135802469,695572.3990705926,,,,,,,
-10.18,0.07604067980020306,-1.2574226865599696,-0.08183055015800414,0.0,2450.6337774095405,21909.750239168505,24,5232,126000,0.0003,2086900986806272.0,903466100719616.0,-45.108760833740234,6.807799789479469e+32,7.557161602043085e+16,116001,1478.2469135802469,695572.3990705926,,,,,,,
-2.120000000000002,-0.2671772430577372,-0.11895156378344635,-0.8736780333438473,0.0,1529.9115314959063,9075.155547345617,24,5306,128000,0.0003,3678499365715968.0,1625273069993984.0,-44.246788024902344,1.833652724667511e+33,2.065969291890524e+17,118001,1536.878048780488,733727.8706545,,,,,,,
-2.439999999999999,0.24326396509486334,-0.35597323496811056,-0.7916904131119834,0.0,1547.1058073756058,-841.398344503131,24,5380,130000,0.0003,6248983068409856.0,2932555888197632.0,-40.27659606933594,6.376188435705008e+33,4.089995307557847e+17,120001,1536.878048780488,733727.8706545,,,,,,,
-2.8798390108346954,0.1272451360523494,-1.0192630874720279,-0.33330384367162624,0.0,1212.0204046401573,2518.0098431807996,24,5454,132000,0.0003,1.0727420629876736e+16,5246485625044992.0,-37.81383514404297,2.778903041387036e+34,8.501175141458248e+17,122001,1584.5421686746988,764158.435171494,,,,,,,
-0.059999829530715885,-0.011156056917031205,-0.14752551397030786,-0.9595391711699303,0.0,1191.6523093266048,35.06808249317074,24,5529,134000,0.0003,1.833715885932544e+16,9298301400645632.0,-35.74267578125,5.169384569111718e+34,7.409371090192957e+17,124001,1584.5421686746988,764158.435171494,,,,,,,
0.6200000000000002,0.016950659719047377,0.16217614898125166,-0.9439600981431769,0.0,1188.2225799102976,159.62499870644288,24,5603,136000,0.0003,2.942088031240192e+16,1.6221768280702976e+16,-30.37021255493164,1.6713903839367005e+35,1.872541419625775e+18,126001,1584.5421686746988,764158.435171494,,,,,,,
-0.07999999999999965,0.021459402519228683,0.15463538337115804,-0.9536054044264536,0.0,1154.3410573675067,-20.250752727453243,24,5677,138000,0.0003,3.604844219937587e+16,2.6277247719571456e+16,-14.058706283569336,5.041804548402233e+35,2.2644289416808366e+18,128001,1584.5421686746988,764158.435171494,,,,,,,
0.2799999999999994,-0.004291597032953924,-0.1349122916252999,-0.9692003847589586,0.0,1181.9604171581184,117.05972870043104,24,5752,140000,0.0003,2.779228025336627e+16,3.1344589721829376e+16,4.304742813110352,7.676732786375504e+35,2.6260972112801956e+18,130001,1584.5421686746988,764158.435171494,,,,,,,
-0.02,-0.022777023179173808,0.09432880047778155,-0.9701622056940334,0.0,1180.8933686446126,71.86555316438002,24,5826,142000,0.0003,7915681097973760.0,1.6202101625454592e+16,19.088985443115234,2.047465475928847e+35,1.7893982744787026e+18,132001,1584.5421686746988,764158.435171494,,,,,,,
0.7599999999999998,0.05123430947349398,0.005079756997569482,-0.9631465120281859,0.0,1182.8906287723148,147.25140174487478,24,5901,144000,0.0003,1262510871150592.0,7667825514643456.0,30.5535888671875,4.0010231973223805e+34,8.893171652603412e+17,134001,1584.5421686746988,764158.435171494,,,,,,,
-0.42,-0.07375459445374305,-0.35533311954227603,-0.9259690136507616,0.0,1196.8866978818996,-110.16466904116206,24,5976,146000,0.0003,-263387627913216.0,3838996656422912.0,38.3459358215332,1.6263707137040248e+34,4.2571238237588685e+17,136001,1584.5421686746988,764158.435171494,,,,,,,
-0.07999999999999914,0.05292802718138685,0.258398506214918,-0.923631087662523,0.0,1234.2318597689098,528.9646146182597,24,6050,148000,0.0003,-877644153356288.0,1965680500932608.0,50.93737030029297,2.8696124787956525e+33,1.6443162033651712e+17,138001,1584.5421686746988,764158.435171494,,,,,,,
0.31999999999999934,-0.04959479175156768,0.29145584319510737,-0.8811591939486645,0.0,1256.4485013195372,-578.0282161177423,24,6125,150000,0.0003,-619851492098048.0,1017877184380928.0,55.60020446777344,9.838130000270415e+32,1.9070398682575667e+17,140001,1584.5421686746988,764158.435171494,,,,,,,
-0.19999999999999984,-0.07429999886222584,-0.6765449958045586,-0.8246568812884728,0.0,1228.3732414453268,3.2674043041022025,24,6199,152000,0.0003,-491877472141312.0,531195280490496.0,65.30267333984375,2.1800640544925686e+32,4.810163655540736e+16,142001,1584.5421686746988,764158.435171494,,,,,,,
1.1999999999999995,0.1792312865559065,0.7911395315580878,-0.7871224773879753,0.0,1246.3430288465665,-63.63668506077972,24,6274,154000,0.0003,-344734677598208.0,278511080177664.0,74.42959594726562,6.182052531692019e+31,2.3825564422897664e+16,144001,1584.5421686746988,764158.435171494,,,,,,,
0.21999999999999967,-0.08342526772158916,-0.6887165969003267,-0.742970872073581,0.0,1158.1563444075468,235.76154728683176,24,6348,156000,0.0003,-235813216452608.0,146617852231680.0,85.08154296875,1.7003515056511728e+31,1.3922156891078656e+16,146001,1584.5421686746988,764158.435171494,,,,,,,
0.34000000000000014,0.35601111526275675,0.466705142904851,-0.6993833278743001,0.0,1134.1514701109363,516.2261154135041,24,6423,158000,0.0003,-150507599429632.0,77565465198592.0,94.04026794433594,4.2346649532667155e+30,8297010306220032.0,148001,1584.5421686746988,764158.435171494,,,,,,,
0.08000000000000022,-0.3447661956658651,-0.13129728566515214,-0.7190773787879613,0.0,1309.2326826809128,911.0948331745465,24,6498,160000,0.0003,-90561457422336.0,41188816060416.0,100.27661895751953,1.5223889509611436e+30,4319264999735296.0,150001,1584.5421686746988,764158.435171494,,,,,,,
-0.3600000000000004,0.22714442331382353,-0.4412054343890446,-0.7239936225855836,0.0,1291.0287302795275,-1464.1310917778217,24,6572,162000,0.0003,-56536541954048.0,21983630721024.0,109.72962188720703,3.350896808914643e+29,2292378396262400.0,152001,1584.5421686746988,764158.435171494,,,,,,,
-0.5,-0.4751972423711717,0.6402950412187792,-0.7074936957577477,0.0,1218.47643129031,352.7428875966007,24,6647,164000,0.0003,-33581965508608.0,11755570855936.0,116.06915283203125,8.251379621838572e+28,735275315625984.0,154001,1584.5421686746988,764158.435171494,,,,,,,
1.02,0.439112031706061,-0.42223533755701503,-0.7761592846811314,0.0,1163.1647047459496,64.20639041056224,24,6721,166000,0.0003,-19859647758336.0,6311944650752.0,122.20931243896484,2.8956635133858988e+28,817528569856000.0,156001,1584.5421686746988,764158.435171494,,,,,,,
0.5000000000000016,-0.013001318945322242,0.5239711368188217,-0.8248745563689406,0.0,1201.4511595821696,-499.7765912914888,24,6795,168000,0.0003,-12091128807424.0,3389190045696.0,131.78439331054688,8.235415780002393e+27,347959292067840.0,158001,1584.5421686746988,764158.435171494,,,,,,,
0.8199999999999996,-0.060083662288013345,-0.6625241731708844,-0.7923075838455839,0.0,1182.4199533938236,177.6143049915595,24,6869,170000,0.0003,-6916987158528.0,1819977187328.0,135.52552795410156,2.08844089918135e+27,171021017546752.0,160001,1584.5421686746988,764158.435171494,,,,,,,
-0.4799999999999996,0.1923552249041583,0.6702621537077142,-0.8301684515682934,0.0,1275.241338505133,-39.624336884792655,24,6944,172000,0.0003,-3973185798144.0,980630568960.0,139.49472045898438,9.017076194920378e+26,114618416496640.0,162001,2041.8690476190477,1046999.0479147143,,,,,,,
0.46000000000000035,0.03447895929012692,-0.08664462562228248,-0.9495758200966358,0.0,1166.4385524888733,147.33166945035106,24,7018,174000,0.0003,-2313491054592.0,529494048768.0,144.9629669189453,2.257388946555281e+26,46130721193984.0,164001,2041.8690476190477,1046999.0479147143,,,,,,,
0.1800000000000012,-0.05784951191611305,0.38313693693370876,-0.9029255323047816,0.0,1215.8872454447562,-224.07616365464474,24,7092,176000,0.0003,-1363732332544.0,285532749824.0,152.39515686035156,5.52594078119697e+25,28203156504576.0,166001,2041.8690476190477,1046999.0479147143,,,,,,,
-2.842170943040401e-16,-0.0753766895036635,-0.4005701527731782,-0.8379154001668465,0.0,1147.4396578754431,441.1500529421271,24,7167,178000,0.0003,-782415888384.0,154308608000.0,156.44326782226562,2.085603181200259e+25,13378393210880.0,168001,2041.8690476190477,1046999.0479147143,,,,,,,
0.2199999999999995,0.0729831255922278,-0.12885266515175578,-0.8647300007231473,0.0,1271.7545197284248,-297.11526452488744,24,7241,180000,0.0003,-442002571264.0,83429064704.0,158.4770965576172,4.1513161029569655e+24,4999185694720.0,170001,2041.8690476190477,1046999.0479147143,,,,,,,
-0.13999999999999974,-0.019206524590110144,0.2971370988928674,-0.9064376275342808,0.0,1211.0751763734238,422.609547304629,24,7315,182000,0.0003,-254642126848.0,45081436160.0,163.29876708984375,1.6291478377605035e+24,5629115105280.0,172001,2041.8690476190477,1046999.0479147143,,,,,,,
0.04000000000000014,0.029928556888268128,0.003875842430780388,-0.9362153014708368,0.0,1175.6324554247274,3.7535050521067297,24,7389,184000,0.0003,-147314311168.0,24372316160.0,168.7843017578125,4.394074246160667e+23,2357964832768.0,174001,2041.8690476190477,1046999.0479147143,,,,,,,
0.2599999999999993,-0.05648078637976617,0.12136690755411353,-0.9269022940254857,0.0,1186.3750905634486,-280.9826241357912,24,7464,186000,0.0003,-84254556160.0,13181273088.0,172.83425903320312,1.561576333354595e+23,1397476032512.0,176001,2041.8690476190477,1046999.0479147143,,,,,,,
0.060000000000000116,-0.08080952282901778,-0.017336789592436952,-0.8848739841965084,0.0,1250.7837587586966,463.476225458822,24,7538,188000,0.0003,-47853408256.0,7131245568.0,175.94784545898438,2.994100668307e+22,560571875328.0,178001,2041.8690476190477,1046999.0479147143,,,,,,,
0.019999999999999987,0.1975019251623284,-0.4174202084524855,-0.8687217613693868,0.0,1245.7898693892716,-382.69763490410287,24,7612,190000,0.0003,-27421138944.0,3858828032.0,180.6859130859375,1.7313481907376084e+22,819899203584.0,180001,2041.8690476190477,1046999.0479147143,,,,,,,
0.76,-0.0009442464786261833,0.5239787975148026,-0.8535937971537875,0.0,1160.6822164566647,-40.97665839141259,24,7687,192000,0.0003,-15481353216.0,2088474240.0,184.16192626953125,4.1283304330204084e+21,232791932928.0,182001,2041.8690476190477,1046999.0479147143,,,,,,,
0.3600000000000005,-0.05938582194908497,-0.07196090017505298,-0.8694387704410553,0.0,1294.1839475964773,311.3650764246767,24,7761,194000,0.0003,-8635767808.0,1131026688.0,185.59915161132812,1.2248482127806045e+21,99411787776.0,184001,2041.8690476190477,1046999.0479147143,,,,,,,
0.4599999999999993,0.11491105050530175,-0.4064990391432083,-0.8949376076729894,0.0,1209.7398226724658,-132.00239125537766,25,7835,196000,0.0003,-4778314752.0,613073536.0,186.72509765625,2.902425176149139e+20,53675134976.0,186001,2041.8690476190477,1046999.0479147143,,,,,,,
-0.1999999999999999,0.006509874246286188,0.15899555497872347,-0.9272257146091527,0.0,1251.0427428949088,380.21876223238314,25,7909,198000,0.0003,-2615832576.0,332703008.0,189.54183959960938,8.695384793978136e+19,43720708096.0,188001,2041.8690476190477,1046999.0479147143,,,,,,,
0.02000000000000034,0.035227268122958046,0.2443015522238238,-0.9262486263332979,0.0,1205.7649582240176,-198.98566567367087,,,200000,0.0003,-1374660864.0,180701968.0,191.11097717285156,3.0539269713013244e+19,17988419584.0,190000,,,0.0,0.0,40000.0,-147541364921.75665,6312180879.503043,0.0,0.0
,,,,,,,21,9106,200000,0.0003,-1331013888.0,180646832.0,189.93899536132812,3.200546846865254e+19,21694347264.0,190001,2041.8690476190477,1046999.0479147143,,,,,,,
-0.3,-0.11175085906719813,-0.06735840000873662,-0.9247684970012369,0.0,1292.5818183291442,66.4475418535813,22,9178,202000,0.0003,-661268928.0,98117672.0,191.07118225097656,7.36852230907573e+18,11537024000.0,192001,2041.8690476190477,1046999.0479147143,,,,,,,
0.43999999999999895,0.03766763482632854,-0.16763739729000254,-0.9397553967931886,0.0,1148.2335041807148,86.7284837028507,22,9250,204000,0.0003,-292287776.0,53293584.0,193.0975341796875,3.2281782337782415e+18,4517981696.0,194001,2041.8690476190477,1046999.0479147143,,,,,,,
-0.19999999999999973,0.10680403584802636,-0.0928023502724701,-0.9450062293844457,0.0,1234.4831901011712,29.04397705494939,22,9323,206000,0.0003,-50030504.0,28946992.0,192.5690460205078,1.3966656402987418e+18,2969706496.0,196001,2041.8690476190477,1046999.0479147143,,,,,,,
0.31999999999999934,0.025158843854087537,0.22936447266638052,-0.914651374074025,0.0,1167.6460634971552,337.1800894162944,22,9397,208000,0.0003,67772752.0,15724105.0,190.6487579345703,8.410578132108575e+17,2063067776.0,198001,2041.8690476190477,1046999.0479147143,,,,,,,
-0.5200000000000018,-0.16727603546573286,0.14009050308727095,-0.8845731446334201,0.0,1316.2319768441532,-278.7801877174331,22,9470,210000,0.0003,109564272.0,8541273.0,190.63177490234375,7.25098506582229e+17,1610254080.0,200001,2041.8690476190477,1046999.0479147143,,,,,,,
0.06000000000000009,0.1799300185106559,-0.3997463661200599,-0.9154973022157235,0.0,1271.315531122698,129.2263720572097,22,9544,212000,0.0003,153833104.0,4644226.0,188.93597412109375,5.715671696455762e+17,1268701440.0,202001,2488.435294117647,1317223.931969706,,,,,,,
-0.21999999999999992,-0.002755692854905828,-0.010127484228388604,-0.9907641787483702,0.0,1195.5912831390474,80.44478913637356,22,9618,214000,0.0003,171590432.0,2526281.5,186.3460693359375,5.650332530780406e+17,1000396032.0,204001,2488.435294117647,1317223.931969706,,,,,,,
-0.5799999999999997,0.0015231343841423813,-0.16481530559122642,-0.9845524522563178,0.0,1211.966865897319,37.42595695111275,22,9691,216000,0.0003,197883728.0,1374549.375,184.4676971435547,6.190222976588186e+17,926362880.0,206001,2488.435294117647,1317223.931969706,,,,,,,
-0.16000000000000025,0.009141451176272745,0.0652053472138136,-0.9486776700846188,0.0,1276.0182536294183,312.77811420298815,22,9765,218000,0.0003,180819792.0,748011.1875,181.9228515625,5.4176700291874816e+17,889817920.0,208001,2488.435294117647,1317223.931969706,,,,,,,
-0.43999999999999867,-0.08396996933912247,0.3338918552867607,-0.9255447888336988,0.0,1246.9687983892359,-309.00049146538873,22,9838,220000,0.0003,180723600.0,407077.375,177.77975463867188,5.3912807193287066e+17,883533376.0,210001,2488.435294117647,1317223.931969706,,,,,,,
-0.18000000000000035,-0.0474327582376998,-0.40364246198319076,-0.9311818912042976,0.0,1230.441162759601,204.41850144602358,22,9912,222000,0.0003,201790736.0,221580.09375,174.5156707763672,5.534292822363996e+17,891644544.0,212001,2488.435294117647,1317223.931969706,,,,,,,
-0.02000000000000034,0.10830781869764261,-0.06693945694234765,-0.9052783006715857,0.0,1372.7193523206977,-64.75638019989488,22,9986,224000,0.0003,194449504.0,120633.6875,169.71728515625,4.663605713405215e+17,899738880.0,214001,2488.435294117647,1317223.931969706,,,,,,,
-0.020000000000000056,-0.008556033077585297,0.5244470485676025,-0.878345257640922,0.0,1240.9929852382145,-98.22719548913223,22,10059,226000,0.0003,197966016.0,65690.8125,165.51339721679688,4.465974339468001e+17,978495040.0,216001,2488.435294117647,1317223.931969706,,,,,,,
-0.5999999999999993,-0.262285627086516,-0.6128901876826435,-0.8154021528768997,0.0,1231.739421725075,32.79216295147366,22,10133,228000,0.0003,184580016.0,35784.30859375,160.59068298339844,5.2060270975411814e+17,913760768.0,218001,2488.435294117647,1317223.931969706,,,,,,,
0.48000000000000015,0.3016570537810678,0.5481110727930053,-0.7532463125504039,0.0,1211.8688583659973,315.184410772222,22,10206,230000,0.0003,181987424.0,19499.595703125,155.03585815429688,5.042336960358646e+17,904012864.0,220001,2488.435294117647,1317223.931969706,,,,,,,
-4.263256414560601e-16,-0.3871255717456227,-0.32536559157355815,-0.6906047087134243,0.0,1215.2226504953721,1608.9291911307334,22,10280,232000,0.0003,187713312.0,10628.654296875,148.93600463867188,5.137306246415647e+17,887224896.0,222001,2488.435294117647,1317223.931969706,,,,,,,
-0.28,0.43077282059057304,0.021870275445725028,-0.6837996874521204,0.0,1315.694325358803,60.36428541236675,22,10353,234000,0.0003,191636448.0,5794.4267578125,142.1845245361328,5.1032334118630195e+17,895526592.0,224001,2488.435294117647,1317223.931969706,,,,,,,
-0.2599999999999985,-0.5570000374915745,-0.022792852150831495,-0.6399059171153648,0.0,1018.2625550266096,236.77899057817314,22,10427,236000,0.0003,184763456.0,3159.13037109375,135.0220489501953,4.5798335788875776e+17,885547520.0,226001,2488.435294117647,1317223.931969706,,,,,,,
0.27999999999999986,0.599366509732538,0.42566614938370173,-0.6078318352879102,0.0,1067.8769011522777,-2043.7901442373225,22,10501,238000,0.0003,162692288.0,1722.3602294921875,128.00830078125,4.244700373157151e+17,847786624.0,228001,2488.435294117647,1317223.931969706,,,,,,,
0.5800000000000011,-0.44015177803225697,-0.6313517870132774,-0.6423903728718137,0.0,1268.2557092203544,17.189311540449964,22,10575,240000,0.0003,202813184.0,939.145751953125,120.489013671875,4.6159102733818266e+17,887420736.0,230001,2488.435294117647,1317223.931969706,,,,,,,
0.2800000000000003,0.48874012715857,0.7208802584733713,-0.6265803772718069,0.0,1177.4190612476816,-281.88991729866916,22,10649,242000,0.0003,193028256.0,512.13818359375,111.95841979980469,5.0867084392923136e+17,846081216.0,232001,2488.435294117647,1317223.931969706,,,,,,,
0.38000000000000017,-0.35268576690821773,-0.8745592337198026,-0.6411543525658204,0.0,1234.5067279637037,-45.145171554246716,22,10723,244000,0.0003,191497696.0,279.3263854980469,103.16289520263672,4.944580755922616e+17,843370304.0,234001,2488.435294117647,1317223.931969706,,,,,,,
-0.42000000000000004,0.2994440913467183,0.9487367665411083,-0.619734898843388,0.0,1231.1501426431028,-45.32350420055259,22,10797,246000,0.0003,165673568.0,152.36856079101562,94.027587890625,3.9156364716120474e+17,891725184.0,236001,2488.435294117647,1317223.931969706,,,,,,,
0.5600000000000003,-0.2006973474662421,-0.8873269175132689,-0.599079568528592,0.0,1188.9177078633672,128.23064237659514,22,10871,248000,0.0003,171498400.0,83.12886810302734,84.454345703125,4.9286783818111386e+17,872048640.0,238001,2488.435294117647,1317223.931969706,,,,,,,
-0.6800000000000007,0.25797859098249565,0.5784209250489949,-0.6514143211677544,0.0,1128.8826147682694,960.1136505070683,22,10946,250000,0.0003,174110176.0,45.35757064819336,74.12052917480469,4.609692878724137e+17,836623488.0,240001,2488.435294117647,1317223.931969706,,,,,,,
0.4599999999999999,-0.2719245197344438,-0.4659025063343362,-0.7885214324825929,0.0,1183.1374315956796,-743.1042859523296,22,11020,252000,0.0003,175426112.0,24.749258041381836,63.656246185302734,4.546612865846477e+17,832949376.0,242001,2924.6162790697676,1592998.694456535,,,,,,,
-0.22000000000000036,0.021206029700072203,0.12551260568087955,-0.9793068030495593,0.0,1186.1243861761716,133.432739081516,22,11094,254000,0.0003,166586624.0,13.506651878356934,52.69677734375,4.516900282092749e+17,832060224.0,244001,2924.6162790697676,1592998.694456535,,,,,,,
-0.34000000000000047,-0.01636426007868524,-0.05419162429816041,-0.9782153328962239,0.0,1178.3703419294052,29.471086417707422,22,11169,256000,0.0003,173914192.0,7.371654510498047,41.17441940307617,4.9114620913044685e+17,867461376.0,246001,2924.6162790697676,1592998.694456535,,,,,,,
-0.36,-0.0387746153947016,-0.06271480767518707,-0.9791109318385598,0.0,1178.0859725448156,121.9411239027081,22,11243,258000,0.0003,172905728.0,4.0237884521484375,29.203536987304688,4.439188174631076e+17,864907840.0,248001,2924.6162790697676,1592998.694456535,,,,,,,
-0.08000000000000006,-0.0010262805675170725,-0.0028735490063920574,-0.9795734715507822,0.0,1174.9170585083587,57.19878763036621,22,11317,260000,0.0003,168903872.0,2.196437358856201,16.82145118713379,4.840814346051256e+17,842284224.0,250001,2924.6162790697676,1592998.694456535,,,,,,,
0.16000000000000056,0.022423588847149553,0.015791173726818434,-0.9803773983174164,0.0,1176.081898994054,112.01373110738643,22,11392,262000,0.0003,180554464.0,1.1991040706634521,3.946748971939087,5.0595408813595034e+17,833108544.0,252001,2924.6162790697676,1592998.694456535,,,,,,,
-0.15999999999999984,-0.0237390582822513,-0.045370161708348754,-0.9797864135421733,0.0,1183.664822932526,124.07478225829423,23,11467,264000,0.0003,155042016.0,0.6546856760978699,-9.36932373046875,4.1229370195234e+17,865004608.0,254001,2924.6162790697676,1592998.694456535,,,,,,,
0.0600000000000004,0.04028640444815128,0.25361780796196554,-0.9548620342801076,0.0,1204.3973390027625,-25.411629808961468,23,11543,266000,0.0003,166595712.0,0.35746827721595764,-23.17816162109375,4.648805943297966e+17,824512064.0,256001,2924.6162790697676,1592998.694456535,,,,,,,
-0.28000000000000025,-0.026181758538546023,-0.1256888714382331,-0.9576260020007781,0.0,1244.5086884142668,79.4251860629703,23,11619,268000,0.0003,180210576.0,0.19520427286624908,-37.290958404541016,5.1498444585435136e+17,845785536.0,258001,2924.6162790697676,1592998.694456535,,,,,,,
-0.08000000000000017,-0.06090884570268007,0.11195033349718797,-0.9517068161447972,0.0,1265.336961997634,7.129673651014189,23,11696,270000,0.0003,170231808.0,0.1066056415438652,-52.18674850463867,4.671863389327196e+17,861620992.0,260001,2924.6162790697676,1592998.694456535,,,,,,,
0.6400000000000011,0.06524390410645158,-0.0502052581950101,-0.9560805094348257,0.0,1208.3558800114727,134.50348403519325,23,11772,272000,0.0003,152275392.0,0.05822281539440155,-67.26530456542969,4.594209693420749e+17,820036992.0,262001,2924.6162790697676,1592998.694456535,,,,,,,
0.4399999999999992,0.008809758306027936,-0.1213051781933273,-0.9640361516330511,0.0,1211.4243119054843,226.18343516761627,23,11848,274000,0.0003,133463592.0,0.03180139139294624,-82.82803344726562,4.0519779750405734e+17,855170880.0,264001,2924.6162790697676,1592998.694456535,,,,,,,
0.39999999999999963,0.00431264840317589,0.057748687635181005,-0.968778549402202,0.0,1209.1489529382402,50.96188210418336,23,11925,276000,0.0003,157770784.0,0.01737126335501671,-99.05068969726562,4.330067143132447e+17,863599744.0,266001,2924.6162790697676,1592998.694456535,,,,,,,
-0.2999999999999993,0.01681351733687446,-0.05884076871392384,-0.9602144952594195,0.0,1196.8324006220917,46.894443642581614,23,12001,278000,0.0003,170845536.0,0.009489594958722591,-115.35983276367188,4.61144659977044e+17,817405824.0,268001,2924.6162790697676,1592998.694456535,,,,,,,
0.07999999999999977,-0.0015204863934691823,-0.09095923387550968,-0.9705490010327884,0.0,1182.161880884459,-33.44411395481664,23,12078,280000,0.0003,165526336.0,0.00518406368792057,-132.6716766357422,4.3116324563032474e+17,855671808.0,270001,2924.6162790697676,1592998.694456535,,,,,,,
0.8599999999999995,0.06474684024412025,0.07540258178777566,-0.9644545087423042,0.0,1175.6969577534544,78.17083394192224,23,12155,282000,0.0003,167038176.0,0.0028321861755102873,-149.69290161132812,4.242074601951068e+17,841738880.0,272001,2924.6162790697676,1592998.694456535,,,,,,,
0.19999999999999996,0.03902520720804131,0.03432535497702317,-0.9643347340534237,0.0,1172.6603066748398,85.91032360805431,23,12231,284000,0.0003,152619936.0,0.001547354506328702,-167.76791381835938,3.637906019188736e+17,831352960.0,274001,2924.6162790697676,1592998.694456535,,,,,,,
-0.5599999999999986,-0.10796203059765959,0.06931517494550163,-0.9480692854340413,0.0,1201.5614681748996,-12.668557703007952,23,12308,286000,0.0003,169448192.0,0.0008454608032479882,-186.49745178222656,4.5130513042007654e+17,857102784.0,276001,2924.6162790697676,1592998.694456535,,,,,,,
-0.5200000000000002,-0.07171894492308567,0.010108814123637956,-0.9295758374957501,0.0,1223.5482688488146,307.75903116539445,23,12385,288000,0.0003,154070848.0,0.00046195910545066,-204.8728485107422,3.993376066864415e+17,855200832.0,278001,2924.6162790697676,1592998.694456535,,,,,,,
-0.6799999999999994,0.0354802182498119,-0.2599394274448631,-0.9416805436022279,0.0,1184.645545114388,-229.73764505114775,23,12462,290000,0.0003,153751888.0,0.00025240291142836213,-224.77902221679688,3.9580253936418816e+17,838675520.0,280001,2924.6162790697676,1592998.694456535,,,,,,,
-0.21999999999999978,0.0064071987258674315,0.09793129925981163,-0.9510474240529736,0.0,1207.9956473239886,215.7157768006062,23,12539,292000,0.0003,165179520.0,0.00013788737123832107,-243.6369171142578,4.25564876019073e+17,808398912.0,282001,3350.770114942529,1851225.8850558507,,,,,,,
0.16,0.01159510266540307,0.0716719695296035,-0.9851440377393189,0.0,1187.293394995386,82.90807073561491,23,12615,294000,0.0003,154000176.0,7.532581366831437e-05,-264.77398681640625,4.166883124896072e+17,856909504.0,284001,3350.770114942529,1851225.8850558507,,,,,,,
0.52,0.04669415064069239,-0.0028233986584346457,-0.9824030915918714,0.0,1188.2416497244005,78.91111022365608,23,12691,296000,0.0003,153998896.0,4.1151728510158136e-05,-284.40716552734375,4.978605830438912e+17,808183680.0,286001,3350.770114942529,1851225.8850558507,,,,,,,
-0.6200000000000004,-0.05643046152864548,-0.1592704035748426,-0.9848331879224046,0.0,1195.5188883246694,94.75387951935225,23,12767,298000,0.0003,140281760.0,2.2482268832391128e-05,-306.64385986328125,3.96379920407724e+17,830218048.0,288001,3350.770114942529,1851225.8850558507,,,,,,,
0.019999999999999973,0.0017627533069571725,0.012293634005485474,-0.9826891713249664,0.0,1209.6348004099887,81.45665781938028,,,300000,0.0003,154103008.0,1.2287141544220503e-05,-327.3497619628906,4.212558555900805e+17,808818368.0,290000,,,0.0,0.0,40000.0,-147541364921.75665,6312180879.503043,0.0,0.0
,,,,,,,21,13967,300000,0.0003,148958336.0,1.2283427167858463e-05,-326.92291259765625,4.119046809945375e+17,832009600.0,290001,3350.770114942529,1851225.8850558507,,,,,,,
-0.9800000000000003,-0.03691373186098694,-0.058568061101504476,-0.9841362668436192,0.0,1193.7014940555953,65.53635250620898,21,14042,302000,0.0003,147697456.0,6.712512913509272e-06,-350.1964416503906,4.177875492394762e+17,803983872.0,292001,3350.770114942529,1851225.8850558507,,,,,,,
0.08000000000000039,-0.015192770651493803,-0.12087153219034556,-0.9372029916517003,0.0,1294.895062371282,-47.75698282760341,21,14117,304000,0.0003,142505536.0,3.6688697946374305e-06,-371.80615234375,3.7399207695980954e+17,804223616.0,294001,3350.770114942529,1851225.8850558507,,,,,,,
-1.119999999999999,-0.013682305105027784,0.18627948678759185,-0.9394974498746461,0.0,1295.827625505242,567.7694710149004,21,14195,306000,0.0003,152352736.0,2.0052659692737507e-06,-395.58416748046875,3.6280970010794394e+17,823177536.0,296001,3350.770114942529,1851225.8850558507,,,,,,,
0.13999999999999965,-0.04352816514438327,0.19719956511771752,-0.9325360106888317,0.0,1253.8945577434736,-372.6000940662728,21,14271,308000,0.0003,131321288.0,1.0963249224005267e-06,-419.8937683105469,3.819653916870574e+17,805005056.0,298001,3350.770114942529,1851225.8850558507,,,,,,,
0.7599999999999996,0.011880686489302496,0.05264501317839399,-0.9579463083259571,0.0,1279.1763960985186,3.9954472584147456,21,14347,310000,0.0003,156959280.0,6.001243377795618e-07,-439.30670166015625,4.507188845640417e+17,827088256.0,300001,3350.770114942529,1851225.8850558507,,,,,,,
-0.6199999999999994,-0.07655745416474606,-0.2750545069870322,-0.9262573533296162,0.0,1222.3936281501312,403.61960789854317,21,14423,312000,0.0003,167936704.0,3.2871810162760084e-07,-462.5570373535156,4.238061384509686e+17,815622528.0,302001,3350.770114942529,1851225.8850558507,,,,,,,
0.3999999999999992,0.08306887369912927,-0.15786794290554737,-0.9167165491489049,0.0,1297.0388304502897,-366.11123941712816,21,14499,314000,0.0003,155651872.0,1.7969937005091197e-07,-486.8170471191406,4.6936192884670464e+17,805111616.0,304001,3350.770114942529,1851225.8850558507,,,,,,,
-0.11834319526627221,-0.35808396179848595,-0.0015704710581180186,-0.9128098232107001,0.0,1047.3848283758673,1.5753852005022808,21,14560,316000,0.0003,nan,nan,nan,nan,nan,306001,1.0,0.0,,,,,,,
,,,,,,,21,14618,318000,0.0003,nan,nan,nan,nan,nan,308001,1.0,0.0,,,,,,,
,,,,,,,21,14676,320000,0.0003,nan,nan,nan,nan,nan,310001,1.0,0.0,,,,,,,
,,,,,,,21,14735,322000,0.0003,nan,nan,nan,nan,nan,312001,1.0,0.0,,,,,,,
,,,,,,,21,14793,324000,0.0003,nan,nan,nan,nan,nan,314001,1.0,0.0,,,,,,,
,,,,,,,21,14851,326000,0.0003,nan,nan,nan,nan,nan,316001,1.0,0.0,,,,,,,
,,,,,,,21,14909,328000,0.0003,nan,nan,nan,nan,nan,318001,1.0,0.0,,,,,,,
,,,,,,,22,14967,330000,0.0003,nan,nan,nan,nan,nan,320001,1.0,0.0,,,,,,,
,,,,,,,22,15025,332000,0.0003,nan,nan,nan,nan,nan,322001,1.0,0.0,,,,,,,
,,,,,,,22,15083,334000,0.0003,nan,nan,nan,nan,nan,324001,1.0,0.0,,,,,,,
,,,,,,,22,15141,336000,0.0003,nan,nan,nan,nan,nan,326001,1.0,0.0,,,,,,,
,,,,,,,22,15199,338000,0.0003,nan,nan,nan,nan,nan,328001,1.0,0.0,,,,,,,
,,,,,,,22,15258,340000,0.0003,nan,nan,nan,nan,nan,330001,1.0,0.0,,,,,,,
,,,,,,,22,15316,342000,0.0003,nan,nan,nan,nan,nan,332001,1.0,0.0,,,,,,,
,,,,,,,22,15374,344000,0.0003,nan,nan,nan,nan,nan,334001,1.0,0.0,,,,,,,
,,,,,,,22,15432,346000,0.0003,nan,nan,nan,nan,nan,336001,1.0,0.0,,,,,,,
,,,,,,,22,15490,348000,0.0003,nan,nan,nan,nan,nan,338001,1.0,0.0,,,,,,,
,,,,,,,22,15548,350000,0.0003,nan,nan,nan,nan,nan,340001,1.0,0.0,,,,,,,
,,,,,,,22,15606,352000,0.0003,nan,nan,nan,nan,nan,342001,1.0,0.0,,,,,,,
,,,,,,,22,15665,354000,0.0003,nan,nan,nan,nan,nan,344001,1.0,0.0,,,,,,,
,,,,,,,22,15723,356000,0.0003,nan,nan,nan,nan,nan,346001,1.0,0.0,,,,,,,
,,,,,,,22,15781,358000,0.0003,nan,nan,nan,nan,nan,348001,1.0,0.0,,,,,,,
,,,,,,,22,15839,360000,0.0003,nan,nan,nan,nan,nan,350001,1.0,0.0,,,,,,,
,,,,,,,22,15897,362000,0.0003,nan,nan,nan,nan,nan,352001,1.0,0.0,,,,,,,
,,,,,,,22,15955,364000,0.0003,nan,nan,nan,nan,nan,354001,1.0,0.0,,,,,,,
,,,,,,,22,16014,366000,0.0003,nan,nan,nan,nan,nan,356001,1.0,0.0,,,,,,,
,,,,,,,22,16072,368000,0.0003,nan,nan,nan,nan,nan,358001,1.0,0.0,,,,,,,
,,,,,,,22,16130,370000,0.0003,nan,nan,nan,nan,nan,360001,1.0,0.0,,,,,,,
,,,,,,,22,16188,372000,0.0003,nan,nan,nan,nan,nan,362001,1.0,0.0,,,,,,,
,,,,,,,23,16246,374000,0.0003,nan,nan,nan,nan,nan,364001,1.0,0.0,,,,,,,
,,,,,,,23,16304,376000,0.0003,nan,nan,nan,nan,nan,366001,1.0,0.0,,,,,,,
,,,,,,,23,16362,378000,0.0003,nan,nan,nan,nan,nan,368001,1.0,0.0,,,,,,,
,,,,,,,23,16421,380000,0.0003,nan,nan,nan,nan,nan,370001,1.0,0.0,,,,,,,
,,,,,,,23,16479,382000,0.0003,nan,nan,nan,nan,nan,372001,1.0,0.0,,,,,,,
,,,,,,,23,16537,384000,0.0003,nan,nan,nan,nan,nan,374001,1.0,0.0,,,,,,,
,,,,,,,23,16596,386000,0.0003,nan,nan,nan,nan,nan,376001,1.0,0.0,,,,,,,
,,,,,,,23,16654,388000,0.0003,nan,nan,nan,nan,nan,378001,1.0,0.0,,,,,,,
,,,,,,,23,16712,390000,0.0003,nan,nan,nan,nan,nan,380001,1.0,0.0,,,,,,,
,,,,,,,23,16770,392000,0.0003,nan,nan,nan,nan,nan,382001,1.0,0.0,,,,,,,
,,,,,,,23,16829,394000,0.0003,nan,nan,nan,nan,nan,384001,1.0,0.0,,,,,,,
,,,,,,,23,16887,396000,0.0003,nan,nan,nan,nan,nan,386001,1.0,0.0,,,,,,,
,,,,,,,23,16947,398000,0.0003,nan,nan,nan,nan,nan,388001,1.0,0.0,,,,,,,
,,,,,,,,,400000,0.0003,nan,nan,nan,nan,nan,390000,,,0.0,0.0,1.0,0.0,0.0,0.0,0.0
,,,,,,,23,17006,400000,0.0003,nan,nan,nan,nan,nan,390001,1.0,0.0,,,,,,,
,,,,,,,23,17064,402000,0.0003,nan,nan,nan,nan,nan,392001,1.0,0.0,,,,,,,
,,,,,,,23,17122,404000,0.0003,nan,nan,nan,nan,nan,394001,1.0,0.0,,,,,,,
,,,,,,,23,17180,406000,0.0003,nan,nan,nan,nan,nan,396001,1.0,0.0,,,,,,,
,,,,,,,23,17238,408000,0.0003,nan,nan,nan,nan,nan,398001,1.0,0.0,,,,,,,
,,,,,,,23,17297,410000,0.0003,nan,nan,nan,nan,nan,400001,1.0,0.0,,,,,,,
,,,,,,,23,17355,412000,0.0003,nan,nan,nan,nan,nan,402001,1.0,0.0,,,,,,,
,,,,,,,23,17413,414000,0.0003,nan,nan,nan,nan,nan,404001,1.0,0.0,,,,,,,
,,,,,,,23,17471,416000,0.0003,nan,nan,nan,nan,nan,406001,1.0,0.0,,,,,,,
,,,,,,,23,17529,418000,0.0003,nan,nan,nan,nan,nan,408001,1.0,0.0,,,,,,,
,,,,,,,23,17586,420000,0.0003,nan,nan,nan,nan,nan,410001,1.0,0.0,,,,,,,
,,,,,,,23,17644,422000,0.0003,nan,nan,nan,nan,nan,412001,1.0,0.0,,,,,,,
,,,,,,,23,17700,424000,0.0003,nan,nan,nan,nan,nan,414001,1.0,0.0,,,,,,,
,,,,,,,23,17757,426000,0.0003,nan,nan,nan,nan,nan,416001,1.0,0.0,,,,,,,
,,,,,,,24,17814,428000,0.0003,nan,nan,nan,nan,nan,418001,1.0,0.0,,,,,,,
,,,,,,,24,17870,430000,0.0003,nan,nan,nan,nan,nan,420001,1.0,0.0,,,,,,,
,,,,,,,24,17927,432000,0.0003,nan,nan,nan,nan,nan,422001,1.0,0.0,,,,,,,
,,,,,,,24,17984,434000,0.0003,nan,nan,nan,nan,nan,424001,1.0,0.0,,,,,,,
,,,,,,,24,18039,436000,0.0003,nan,nan,nan,nan,nan,426001,1.0,0.0,,,,,,,
,,,,,,,24,18094,438000,0.0003,nan,nan,nan,nan,nan,428001,1.0,0.0,,,,,,,
,,,,,,,24,18149,440000,0.0003,nan,nan,nan,nan,nan,430001,1.0,0.0,,,,,,,
,,,,,,,24,18203,442000,0.0003,nan,nan,nan,nan,nan,432001,1.0,0.0,,,,,,,
,,,,,,,24,18258,444000,0.0003,nan,nan,nan,nan,nan,434001,1.0,0.0,,,,,,,
,,,,,,,24,18312,446000,0.0003,nan,nan,nan,nan,nan,436001,1.0,0.0,,,,,,,
,,,,,,,24,18366,448000,0.0003,nan,nan,nan,nan,nan,438001,1.0,0.0,,,,,,,
,,,,,,,24,18421,450000,0.0003,nan,nan,nan,nan,nan,440001,1.0,0.0,,,,,,,
,,,,,,,24,18475,452000,0.0003,nan,nan,nan,nan,nan,442001,1.0,0.0,,,,,,,
,,,,,,,24,18530,454000,0.0003,nan,nan,nan,nan,nan,444001,1.0,0.0,,,,,,,
,,,,,,,24,18584,456000,0.0003,nan,nan,nan,nan,nan,446001,1.0,0.0,,,,,,,
,,,,,,,24,18639,458000,0.0003,nan,nan,nan,nan,nan,448001,1.0,0.0,,,,,,,
,,,,,,,24,18693,460000,0.0003,nan,nan,nan,nan,nan,450001,1.0,0.0,,,,,,,
,,,,,,,24,18749,462000,0.0003,nan,nan,nan,nan,nan,452001,1.0,0.0,,,,,,,
,,,,,,,24,18806,464000,0.0003,nan,nan,nan,nan,nan,454001,1.0,0.0,,,,,,,
,,,,,,,24,18863,466000,0.0003,nan,nan,nan,nan,nan,456001,1.0,0.0,,,,,,,
,,,,,,,24,18919,468000,0.0003,nan,nan,nan,nan,nan,458001,1.0,0.0,,,,,,,
,,,,,,,24,18976,470000,0.0003,nan,nan,nan,nan,nan,460001,1.0,0.0,,,,,,,
,,,,,,,24,19033,472000,0.0003,nan,nan,nan,nan,nan,462001,1.0,0.0,,,,,,,
,,,,,,,24,19091,474000,0.0003,nan,nan,nan,nan,nan,464001,1.0,0.0,,,,,,,
,,,,,,,24,19150,476000,0.0003,nan,nan,nan,nan,nan,466001,1.0,0.0,,,,,,,
,,,,,,,24,19208,478000,0.0003,nan,nan,nan,nan,nan,468001,1.0,0.0,,,,,,,
,,,,,,,24,19265,480000,0.0003,nan,nan,nan,nan,nan,470001,1.0,0.0,,,,,,,
,,,,,,,24,19323,482000,0.0003,nan,nan,nan,nan,nan,472001,1.0,0.0,,,,,,,
,,,,,,,24,19381,484000,0.0003,nan,nan,nan,nan,nan,474001,1.0,0.0,,,,,,,
,,,,,,,25,19439,486000,0.0003,nan,nan,nan,nan,nan,476001,1.0,0.0,,,,,,,
,,,,,,,25,19497,488000,0.0003,nan,nan,nan,nan,nan,478001,1.0,0.0,,,,,,,
,,,,,,,25,19555,490000,0.0003,nan,nan,nan,nan,nan,480001,1.0,0.0,,,,,,,
,,,,,,,25,19613,492000,0.0003,nan,nan,nan,nan,nan,482001,1.0,0.0,,,,,,,
,,,,,,,25,19671,494000,0.0003,nan,nan,nan,nan,nan,484001,1.0,0.0,,,,,,,
,,,,,,,25,19730,496000,0.0003,nan,nan,nan,nan,nan,486001,1.0,0.0,,,,,,,
,,,,,,,25,19788,498000,0.0003,nan,nan,nan,nan,nan,488001,1.0,0.0,,,,,,,
,,,,,,,,,500000,0.0003,nan,nan,nan,nan,nan,490000,,,0.0,0.0,1.0,0.0,0.0,0.0,0.0
,,,,,,,25,19846,500000,0.0003,nan,nan,nan,nan,nan,490001,1.0,0.0,,,,,,,
,,,,,,,25,19905,502000,0.0003,nan,nan,nan,nan,nan,492001,1.0,0.0,,,,,,,
,,,,,,,25,19963,504000,0.0003,nan,nan,nan,nan,nan,494001,1.0,0.0,,,,,,,
,,,,,,,25,20021,506000,0.0003,nan,nan,nan,nan,nan,496001,1.0,0.0,,,,,,,
,,,,,,,25,20079,508000,0.0003,nan,nan,nan,nan,nan,498001,1.0,0.0,,,,,,,
,,,,,,,25,20138,510000,0.0003,nan,nan,nan,nan,nan,500001,1.0,0.0,,,,,,,
,,,,,,,25,20196,512000,0.0003,nan,nan,nan,nan,nan,502001,1.0,0.0,,,,,,,
,,,,,,,25,20254,514000,0.0003,nan,nan,nan,nan,nan,504001,1.0,0.0,,,,,,,
,,,,,,,25,20313,516000,0.0003,nan,nan,nan,nan,nan,506001,1.0,0.0,,,,,,,
,,,,,,,25,20371,518000,0.0003,nan,nan,nan,nan,nan,508001,1.0,0.0,,,,,,,
,,,,,,,25,20429,520000,0.0003,nan,nan,nan,nan,nan,510001,1.0,0.0,,,,,,,
,,,,,,,25,20487,522000,0.0003,nan,nan,nan,nan,nan,512001,1.0,0.0,,,,,,,
,,,,,,,25,20546,524000,0.0003,nan,nan,nan,nan,nan,514001,1.0,0.0,,,,,,,
,,,,,,,25,20604,526000,0.0003,nan,nan,nan,nan,nan,516001,1.0,0.0,,,,,,,
,,,,,,,25,20663,528000,0.0003,nan,nan,nan,nan,nan,518001,1.0,0.0,,,,,,,
,,,,,,,25,20721,530000,0.0003,nan,nan,nan,nan,nan,520001,1.0,0.0,,,,,,,
,,,,,,,25,20780,532000,0.0003,nan,nan,nan,nan,nan,522001,1.0,0.0,,,,,,,
,,,,,,,25,20839,534000,0.0003,nan,nan,nan,nan,nan,524001,1.0,0.0,,,,,,,
,,,,,,,25,20897,536000,0.0003,nan,nan,nan,nan,nan,526001,1.0,0.0,,,,,,,
,,,,,,,25,20956,538000,0.0003,nan,nan,nan,nan,nan,528001,1.0,0.0,,,,,,,
,,,,,,,25,21014,540000,0.0003,nan,nan,nan,nan,nan,530001,1.0,0.0,,,,,,,
,,,,,,,25,21073,542000,0.0003,nan,nan,nan,nan,nan,532001,1.0,0.0,,,,,,,
,,,,,,,25,21131,544000,0.0003,nan,nan,nan,nan,nan,534001,1.0,0.0,,,,,,,
,,,,,,,25,21190,546000,0.0003,nan,nan,nan,nan,nan,536001,1.0,0.0,,,,,,,
,,,,,,,25,21248,548000,0.0003,nan,nan,nan,nan,nan,538001,1.0,0.0,,,,,,,
,,,,,,,25,21306,550000,0.0003,nan,nan,nan,nan,nan,540001,1.0,0.0,,,,,,,
,,,,,,,25,21364,552000,0.0003,nan,nan,nan,nan,nan,542001,1.0,0.0,,,,,,,
,,,,,,,25,21423,554000,0.0003,nan,nan,nan,nan,nan,544001,1.0,0.0,,,,,,,
,,,,,,,25,21481,556000,0.0003,nan,nan,nan,nan,nan,546001,1.0,0.0,,,,,,,
,,,,,,,25,21540,558000,0.0003,nan,nan,nan,nan,nan,548001,1.0,0.0,,,,,,,
,,,,,,,25,21598,560000,0.0003,nan,nan,nan,nan,nan,550001,1.0,0.0,,,,,,,
,,,,,,,25,21657,562000,0.0003,nan,nan,nan,nan,nan,552001,1.0,0.0,,,,,,,
,,,,,,,25,21717,564000,0.0003,nan,nan,nan,nan,nan,554001,1.0,0.0,,,,,,,
,,,,,,,25,21775,566000,0.0003,nan,nan,nan,nan,nan,556001,1.0,0.0,,,,,,,
,,,,,,,26,21833,568000,0.0003,nan,nan,nan,nan,nan,558001,1.0,0.0,,,,,,,
,,,,,,,26,21890,570000,0.0003,nan,nan,nan,nan,nan,560001,1.0,0.0,,,,,,,
,,,,,,,26,21948,572000,0.0003,nan,nan,nan,nan,nan,562001,1.0,0.0,,,,,,,
,,,,,,,26,22006,574000,0.0003,nan,nan,nan,nan,nan,564001,1.0,0.0,,,,,,,
,,,,,,,26,22064,576000,0.0003,nan,nan,nan,nan,nan,566001,1.0,0.0,,,,,,,
,,,,,,,26,22122,578000,0.0003,nan,nan,nan,nan,nan,568001,1.0,0.0,,,,,,,
,,,,,,,26,22180,580000,0.0003,nan,nan,nan,nan,nan,570001,1.0,0.0,,,,,,,
,,,,,,,26,22238,582000,0.0003,nan,nan,nan,nan,nan,572001,1.0,0.0,,,,,,,
,,,,,,,26,22295,584000,0.0003,nan,nan,nan,nan,nan,574001,1.0,0.0,,,,,,,
,,,,,,,26,22353,586000,0.0003,nan,nan,nan,nan,nan,576001,1.0,0.0,,,,,,,
,,,,,,,26,22410,588000,0.0003,nan,nan,nan,nan,nan,578001,1.0,0.0,,,,,,,
,,,,,,,26,22467,590000,0.0003,nan,nan,nan,nan,nan,580001,1.0,0.0,,,,,,,
,,,,,,,26,22523,592000,0.0003,nan,nan,nan,nan,nan,582001,1.0,0.0,,,,,,,
,,,,,,,26,22580,594000,0.0003,nan,nan,nan,nan,nan,584001,1.0,0.0,,,,,,,
,,,,,,,26,22636,596000,0.0003,nan,nan,nan,nan,nan,586001,1.0,0.0,,,,,,,
,,,,,,,26,22693,598000,0.0003,nan,nan,nan,nan,nan,588001,1.0,0.0,,,,,,,
,,,,,,,,,600000,0.0003,nan,nan,nan,nan,nan,590000,,,0.0,0.0,1.0,0.0,0.0,0.0,0.0
,,,,,,,26,22749,600000,0.0003,nan,nan,nan,nan,nan,590001,1.0,0.0,,,,,,,
,,,,,,,26,22805,602000,0.0003,nan,nan,nan,nan,nan,592001,1.0,0.0,,,,,,,
,,,,,,,26,22860,604000,0.0003,nan,nan,nan,nan,nan,594001,1.0,0.0,,,,,,,
,,,,,,,26,22915,606000,0.0003,nan,nan,nan,nan,nan,596001,1.0,0.0,,,,,,,
,,,,,,,26,22970,608000,0.0003,nan,nan,nan,nan,nan,598001,1.0,0.0,,,,,,,
,,,,,,,26,23024,610000,0.0003,nan,nan,nan,nan,nan,600001,1.0,0.0,,,,,,,
,,,,,,,26,23078,612000,0.0003,nan,nan,nan,nan,nan,602001,1.0,0.0,,,,,,,
,,,,,,,26,23132,614000,0.0003,nan,nan,nan,nan,nan,604001,1.0,0.0,,,,,,,
,,,,,,,26,23186,616000,0.0003,nan,nan,nan,nan,nan,606001,1.0,0.0,,,,,,,
,,,,,,,26,23240,618000,0.0003,nan,nan,nan,nan,nan,608001,1.0,0.0,,,,,,,
,,,,,,,26,23294,620000,0.0003,nan,nan,nan,nan,nan,610001,1.0,0.0,,,,,,,
,,,,,,,26,23348,622000,0.0003,nan,nan,nan,nan,nan,612001,1.0,0.0,,,,,,,
,,,,,,,26,23403,624000,0.0003,nan,nan,nan,nan,nan,614001,1.0,0.0,,,,,,,
,,,,,,,26,23458,626000,0.0003,nan,nan,nan,nan,nan,616001,1.0,0.0,,,,,,,
,,,,,,,26,23514,628000,0.0003,nan,nan,nan,nan,nan,618001,1.0,0.0,,,,,,,
,,,,,,,26,23570,630000,0.0003,nan,nan,nan,nan,nan,620001,1.0,0.0,,,,,,,
,,,,,,,26,23626,632000,0.0003,nan,nan,nan,nan,nan,622001,1.0,0.0,,,,,,,
,,,,,,,26,23682,634000,0.0003,nan,nan,nan,nan,nan,624001,1.0,0.0,,,,,,,
,,,,,,,26,23739,636000,0.0003,nan,nan,nan,nan,nan,626001,1.0,0.0,,,,,,,
,,,,,,,26,23796,638000,0.0003,nan,nan,nan,nan,nan,628001,1.0,0.0,,,,,,,
,,,,,,,26,23853,640000,0.0003,nan,nan,nan,nan,nan,630001,1.0,0.0,,,,,,,
,,,,,,,26,23911,642000,0.0003,nan,nan,nan,nan,nan,632001,1.0,0.0,,,,,,,
,,,,,,,26,23970,644000,0.0003,nan,nan,nan,nan,nan,634001,1.0,0.0,,,,,,,
,,,,,,,26,24028,646000,0.0003,nan,nan,nan,nan,nan,636001,1.0,0.0,,,,,,,
,,,,,,,26,24087,648000,0.0003,nan,nan,nan,nan,nan,638001,1.0,0.0,,,,,,,
,,,,,,,26,24146,650000,0.0003,nan,nan,nan,nan,nan,640001,1.0,0.0,,,,,,,
,,,,,,,26,24205,652000,0.0003,nan,nan,nan,nan,nan,642001,1.0,0.0,,,,,,,
,,,,,,,26,24264,654000,0.0003,nan,nan,nan,nan,nan,644001,1.0,0.0,,,,,,,
,,,,,,,26,24323,656000,0.0003,nan,nan,nan,nan,nan,646001,1.0,0.0,,,,,,,
,,,,,,,26,24383,658000,0.0003,nan,nan,nan,nan,nan,648001,1.0,0.0,,,,,,,
,,,,,,,27,24442,660000,0.0003,nan,nan,nan,nan,nan,650001,1.0,0.0,,,,,,,
,,,,,,,27,24501,662000,0.0003,nan,nan,nan,nan,nan,652001,1.0,0.0,,,,,,,
,,,,,,,27,24560,664000,0.0003,nan,nan,nan,nan,nan,654001,1.0,0.0,,,,,,,
,,,,,,,27,24619,666000,0.0003,nan,nan,nan,nan,nan,656001,1.0,0.0,,,,,,,
,,,,,,,27,24678,668000,0.0003,nan,nan,nan,nan,nan,658001,1.0,0.0,,,,,,,
,,,,,,,27,24737,670000,0.0003,nan,nan,nan,nan,nan,660001,1.0,0.0,,,,,,,
,,,,,,,27,24796,672000,0.0003,nan,nan,nan,nan,nan,662001,1.0,0.0,,,,,,,
,,,,,,,27,24855,674000,0.0003,nan,nan,nan,nan,nan,664001,1.0,0.0,,,,,,,
,,,,,,,27,24915,676000,0.0003,nan,nan,nan,nan,nan,666001,1.0,0.0,,,,,,,
,,,,,,,27,24974,678000,0.0003,nan,nan,nan,nan,nan,668001,1.0,0.0,,,,,,,
,,,,,,,27,25033,680000,0.0003,nan,nan,nan,nan,nan,670001,1.0,0.0,,,,,,,
,,,,,,,27,25093,682000,0.0003,nan,nan,nan,nan,nan,672001,1.0,0.0,,,,,,,
,,,,,,,27,25152,684000,0.0003,nan,nan,nan,nan,nan,674001,1.0,0.0,,,,,,,
,,,,,,,27,25211,686000,0.0003,nan,nan,nan,nan,nan,676001,1.0,0.0,,,,,,,
,,,,,,,27,25271,688000,0.0003,nan,nan,nan,nan,nan,678001,1.0,0.0,,,,,,,
,,,,,,,27,25330,690000,0.0003,nan,nan,nan,nan,nan,680001,1.0,0.0,,,,,,,
,,,,,,,27,25389,692000,0.0003,nan,nan,nan,nan,nan,682001,1.0,0.0,,,,,,,
,,,,,,,27,25448,694000,0.0003,nan,nan,nan,nan,nan,684001,1.0,0.0,,,,,,,
,,,,,,,27,25508,696000,0.0003,nan,nan,nan,nan,nan,686001,1.0,0.0,,,,,,,
,,,,,,,27,25567,698000,0.0003,nan,nan,nan,nan,nan,688001,1.0,0.0,,,,,,,
,,,,,,,,,700000,0.0003,nan,nan,nan,nan,nan,690000,,,0.0,0.0,1.0,0.0,0.0,0.0,0.0
,,,,,,,27,25628,700000,0.0003,nan,nan,nan,nan,nan,690001,1.0,0.0,,,,,,,
,,,,,,,27,25687,702000,0.0003,nan,nan,nan,nan,nan,692001,1.0,0.0,,,,,,,
,,,,,,,27,25746,704000,0.0003,nan,nan,nan,nan,nan,694001,1.0,0.0,,,,,,,
,,,,,,,27,25804,706000,0.0003,nan,nan,nan,nan,nan,696001,1.0,0.0,,,,,,,
,,,,,,,27,25863,708000,0.0003,nan,nan,nan,nan,nan,698001,1.0,0.0,,,,,,,
,,,,,,,27,25922,710000,0.0003,nan,nan,nan,nan,nan,700001,1.0,0.0,,,,,,,
,,,,,,,27,25981,712000,0.0003,nan,nan,nan,nan,nan,702001,1.0,0.0,,,,,,,
,,,,,,,27,26039,714000,0.0003,nan,nan,nan,nan,nan,704001,1.0,0.0,,,,,,,
,,,,,,,27,26098,716000,0.0003,nan,nan,nan,nan,nan,706001,1.0,0.0,,,,,,,
,,,,,,,27,26157,718000,0.0003,nan,nan,nan,nan,nan,708001,1.0,0.0,,,,,,,
,,,,,,,27,26215,720000,0.0003,nan,nan,nan,nan,nan,710001,1.0,0.0,,,,,,,
,,,,,,,27,26274,722000,0.0003,nan,nan,nan,nan,nan,712001,1.0,0.0,,,,,,,
,,,,,,,27,26333,724000,0.0003,nan,nan,nan,nan,nan,714001,1.0,0.0,,,,,,,
,,,,,,,27,26392,726000,0.0003,nan,nan,nan,nan,nan,716001,1.0,0.0,,,,,,,
,,,,,,,27,26451,728000,0.0003,nan,nan,nan,nan,nan,718001,1.0,0.0,,,,,,,
,,,,,,,27,26510,730000,0.0003,nan,nan,nan,nan,nan,720001,1.0,0.0,,,,,,,
,,,,,,,27,26569,732000,0.0003,nan,nan,nan,nan,nan,722001,1.0,0.0,,,,,,,
,,,,,,,27,26627,734000,0.0003,nan,nan,nan,nan,nan,724001,1.0,0.0,,,,,,,
,,,,,,,27,26686,736000,0.0003,nan,nan,nan,nan,nan,726001,1.0,0.0,,,,,,,
,,,,,,,27,26745,738000,0.0003,nan,nan,nan,nan,nan,728001,1.0,0.0,,,,,,,
,,,,,,,27,26804,740000,0.0003,nan,nan,nan,nan,nan,730001,1.0,0.0,,,,,,,
,,,,,,,27,26863,742000,0.0003,nan,nan,nan,nan,nan,732001,1.0,0.0,,,,,,,
,,,,,,,27,26922,744000,0.0003,nan,nan,nan,nan,nan,734001,1.0,0.0,,,,,,,
,,,,,,,27,26981,746000,0.0003,nan,nan,nan,nan,nan,736001,1.0,0.0,,,,,,,
,,,,,,,27,27039,748000,0.0003,nan,nan,nan,nan,nan,738001,1.0,0.0,,,,,,,
,,,,,,,27,27098,750000,0.0003,nan,nan,nan,nan,nan,740001,1.0,0.0,,,,,,,
,,,,,,,27,27156,752000,0.0003,nan,nan,nan,nan,nan,742001,1.0,0.0,,,,,,,
,,,,,,,27,27215,754000,0.0003,nan,nan,nan,nan,nan,744001,1.0,0.0,,,,,,,
,,,,,,,27,27273,756000,0.0003,nan,nan,nan,nan,nan,746001,1.0,0.0,,,,,,,
,,,,,,,27,27333,758000,0.0003,nan,nan,nan,nan,nan,748001,1.0,0.0,,,,,,,
,,,,,,,27,27391,760000,0.0003,nan,nan,nan,nan,nan,750001,1.0,0.0,,,,,,,
,,,,,,,27,27449,762000,0.0003,nan,nan,nan,nan,nan,752001,1.0,0.0,,,,,,,
,,,,,,,27,27508,764000,0.0003,nan,nan,nan,nan,nan,754001,1.0,0.0,,,,,,,
,,,,,,,27,27566,766000,0.0003,nan,nan,nan,nan,nan,756001,1.0,0.0,,,,,,,
,,,,,,,27,27624,768000,0.0003,nan,nan,nan,nan,nan,758001,1.0,0.0,,,,,,,
,,,,,,,27,27682,770000,0.0003,nan,nan,nan,nan,nan,760001,1.0,0.0,,,,,,,
,,,,,,,27,27739,772000,0.0003,nan,nan,nan,nan,nan,762001,1.0,0.0,,,,,,,
,,,,,,,27,27795,774000,0.0003,nan,nan,nan,nan,nan,764001,1.0,0.0,,,,,,,
,,,,,,,27,27851,776000,0.0003,nan,nan,nan,nan,nan,766001,1.0,0.0,,,,,,,
,,,,,,,27,27906,778000,0.0003,nan,nan,nan,nan,nan,768001,1.0,0.0,,,,,,,
,,,,,,,27,27962,780000,0.0003,nan,nan,nan,nan,nan,770001,1.0,0.0,,,,,,,
,,,,,,,27,28017,782000,0.0003,nan,nan,nan,nan,nan,772001,1.0,0.0,,,,,,,
,,,,,,,27,28073,784000,0.0003,nan,nan,nan,nan,nan,774001,1.0,0.0,,,,,,,
,,,,,,,27,28128,786000,0.0003,nan,nan,nan,nan,nan,776001,1.0,0.0,,,,,,,
,,,,,,,27,28184,788000,0.0003,nan,nan,nan,nan,nan,778001,1.0,0.0,,,,,,,
,,,,,,,27,28240,790000,0.0003,nan,nan,nan,nan,nan,780001,1.0,0.0,,,,,,,
,,,,,,,27,28296,792000,0.0003,nan,nan,nan,nan,nan,782001,1.0,0.0,,,,,,,
,,,,,,,28,28353,794000,0.0003,nan,nan,nan,nan,nan,784001,1.0,0.0,,,,,,,
,,,,,,,28,28410,796000,0.0003,nan,nan,nan,nan,nan,786001,1.0,0.0,,,,,,,
,,,,,,,28,28467,798000,0.0003,nan,nan,nan,nan,nan,788001,1.0,0.0,,,,,,,
,,,,,,,,,800000,0.0003,nan,nan,nan,nan,nan,790000,,,0.0,0.0,1.0,0.0,0.0,0.0,0.0
,,,,,,,28,28526,800000,0.0003,nan,nan,nan,nan,nan,790001,1.0,0.0,,,,,,,
,,,,,,,28,28583,802000,0.0003,nan,nan,nan,nan,nan,792001,1.0,0.0,,,,,,,
,,,,,,,28,28640,804000,0.0003,nan,nan,nan,nan,nan,794001,1.0,0.0,,,,,,,
,,,,,,,28,28698,806000,0.0003,nan,nan,nan,nan,nan,796001,1.0,0.0,,,,,,,
,,,,,,,28,28755,808000,0.0003,nan,nan,nan,nan,nan,798001,1.0,0.0,,,,,,,
,,,,,,,28,28812,810000,0.0003,nan,nan,nan,nan,nan,800001,1.0,0.0,,,,,,,
,,,,,,,28,28870,812000,0.0003,nan,nan,nan,nan,nan,802001,1.0,0.0,,,,,,,
,,,,,,,28,28928,814000,0.0003,nan,nan,nan,nan,nan,804001,1.0,0.0,,,,,,,
,,,,,,,28,28986,816000,0.0003,nan,nan,nan,nan,nan,806001,1.0,0.0,,,,,,,
,,,,,,,28,29043,818000,0.0003,nan,nan,nan,nan,nan,808001,1.0,0.0,,,,,,,
,,,,,,,28,29101,820000,0.0003,nan,nan,nan,nan,nan,810001,1.0,0.0,,,,,,,
,,,,,,,28,29158,822000,0.0003,nan,nan,nan,nan,nan,812001,1.0,0.0,,,,,,,
,,,,,,,28,29216,824000,0.0003,nan,nan,nan,nan,nan,814001,1.0,0.0,,,,,,,
,,,,,,,28,29273,826000,0.0003,nan,nan,nan,nan,nan,816001,1.0,0.0,,,,,,,
,,,,,,,28,29330,828000,0.0003,nan,nan,nan,nan,nan,818001,1.0,0.0,,,,,,,
,,,,,,,28,29388,830000,0.0003,nan,nan,nan,nan,nan,820001,1.0,0.0,,,,,,,
,,,,,,,28,29445,832000,0.0003,nan,nan,nan,nan,nan,822001,1.0,0.0,,,,,,,
,,,,,,,28,29503,834000,0.0003,nan,nan,nan,nan,nan,824001,1.0,0.0,,,,,,,
,,,,,,,28,29560,836000,0.0003,nan,nan,nan,nan,nan,826001,1.0,0.0,,,,,,,
,,,,,,,28,29621,838000,0.0003,nan,nan,nan,nan,nan,828001,1.0,0.0,,,,,,,
,,,,,,,28,29679,840000,0.0003,nan,nan,nan,nan,nan,830001,1.0,0.0,,,,,,,
,,,,,,,28,29737,842000,0.0003,nan,nan,nan,nan,nan,832001,1.0,0.0,,,,,,,
,,,,,,,28,29795,844000,0.0003,nan,nan,nan,nan,nan,834001,1.0,0.0,,,,,,,
,,,,,,,28,29852,846000,0.0003,nan,nan,nan,nan,nan,836001,1.0,0.0,,,,,,,
,,,,,,,28,29910,848000,0.0003,nan,nan,nan,nan,nan,838001,1.0,0.0,,,,,,,
,,,,,,,28,29968,850000,0.0003,nan,nan,nan,nan,nan,840001,1.0,0.0,,,,,,,
,,,,,,,28,30025,852000,0.0003,nan,nan,nan,nan,nan,842001,1.0,0.0,,,,,,,
,,,,,,,28,30083,854000,0.0003,nan,nan,nan,nan,nan,844001,1.0,0.0,,,,,,,
,,,,,,,28,30141,856000,0.0003,nan,nan,nan,nan,nan,846001,1.0,0.0,,,,,,,
,,,,,,,28,30199,858000,0.0003,nan,nan,nan,nan,nan,848001,1.0,0.0,,,,,,,
,,,,,,,28,30257,860000,0.0003,nan,nan,nan,nan,nan,850001,1.0,0.0,,,,,,,
,,,,,,,28,30315,862000,0.0003,nan,nan,nan,nan,nan,852001,1.0,0.0,,,,,,,
,,,,,,,28,30373,864000,0.0003,nan,nan,nan,nan,nan,854001,1.0,0.0,,,,,,,
,,,,,,,28,30430,866000,0.0003,nan,nan,nan,nan,nan,856001,1.0,0.0,,,,,,,
,,,,,,,28,30488,868000,0.0003,nan,nan,nan,nan,nan,858001,1.0,0.0,,,,,,,
,,,,,,,28,30546,870000,0.0003,nan,nan,nan,nan,nan,860001,1.0,0.0,,,,,,,
,,,,,,,28,30604,872000,0.0003,nan,nan,nan,nan,nan,862001,1.0,0.0,,,,,,,
,,,,,,,28,30662,874000,0.0003,nan,nan,nan,nan,nan,864001,1.0,0.0,,,,,,,
,,,,,,,28,30720,876000,0.0003,nan,nan,nan,nan,nan,866001,1.0,0.0,,,,,,,
,,,,,,,28,30778,878000,0.0003,nan,nan,nan,nan,nan,868001,1.0,0.0,,,,,,,
,,,,,,,28,30836,880000,0.0003,nan,nan,nan,nan,nan,870001,1.0,0.0,,,,,,,
,,,,,,,28,30894,882000,0.0003,nan,nan,nan,nan,nan,872001,1.0,0.0,,,,,,,
,,,,,,,28,30952,884000,0.0003,nan,nan,nan,nan,nan,874001,1.0,0.0,,,,,,,
,,,,,,,28,31010,886000,0.0003,nan,nan,nan,nan,nan,876001,1.0,0.0,,,,,,,
,,,,,,,28,31066,888000,0.0003,nan,nan,nan,nan,nan,878001,1.0,0.0,,,,,,,
