schema_version,algorithm,env_id,mode,checkpoint_path,checkpoint_sha256,train_seed,config_sha256,reward_kind,eta,task_metadata_json,seed,start,damping,torque_limit,t_max,dt,physics_dt,tube_energy,tube_angle,tube_rate,dwell_seconds,lqr_threshold,duration,captured,capture_time,retention,error_rms,error_rms_energy,error_rms_angle,error_rms_rate,orbit_distance_rms,orbit_distance_final,control_effort,saturation,lqr_time,lqr_residual_min,min_abs_energy_error,final_abs_energy_error,peak_shoulder_rate,peak_commanded_torque
1,ct_sac,acrobot-swingup-xk,xk_r1_g0p995_raw,/work2/10976/sebale16/frontera/ct-rl-xk/saved_models/ct_sac/acrobot-swingup-xk/xk_r1_g0p995_raw/seed_0/dt_0_0005_maxs_40000_xk_gamma_v1/ct_sac_acrobot-swingup-xk_xk_r1_g0p995_raw_800000_steps.pth,66592cd2c97e2802a153da99089c0a9cb784dd265c4d7245d4debcf44b5eb8a2,0,7eb494e46d9ff1426369ad56a6b015f19485dcd0bb06d4fc2c10dd510e521eaf,r1,,"{""damping"":0.0,""paper_start"":false,""release_angle_range"":[0.05,0.5],""release_start"":true,""reward_kind"":""r1"",""torque_limit"":64.0,""uniform_start"":false}",20000,release,0.0,64.0,20.0,0.0005,0.0005,0.05,0.025,0.05,1.0,0.04,19.99999999999874,False,inf,nan,nan,nan,nan,nan,nan,0.4799284728858743,7002.9755275672005,0.0,inf,2.430051505553789,0.001559221165578606,23.42850922682245,9.164780616760254,63.492767333984375
1,ct_sac,acrobot-swingup-xk,xk_r1_g0p995_raw,/work2/10976/sebale16/frontera/ct-rl-xk/saved_models/ct_sac/acrobot-swingup-xk/xk_r1_g0p995_raw/seed_0/dt_0_0005_maxs_40000_xk_gamma_v1/ct_sac_acrobot-swingup-xk_xk_r1_g0p995_raw_800000_steps.pth,66592cd2c97e2802a153da99089c0a9cb784dd265c4d7245d4debcf44b5eb8a2,0,7eb494e46d9ff1426369ad56a6b015f19485dcd0bb06d4fc2c10dd510e521eaf,r1,,"{""damping"":0.0,""paper_start"":false,""release_angle_range"":[0.05,0.5],""release_start"":true,""reward_kind"":""r1"",""torque_limit"":64.0,""uniform_start"":false}",20001,release,0.0,64.0,20.0,0.0005,0.0005,0.05,0.025,0.05,1.0,0.04,19.99999999999874,False,inf,nan,nan,nan,nan,nan,nan,0.12190587033951832,2788.596754628289,0.0,inf,0.6704559033697072,0.0005929001236779641,16.208315868065654,5.320969104766846,54.15142059326172
1,ct_sac,acrobot-swingup-xk,xk_r1_g0p995_raw,/work2/10976/sebale16/frontera/ct-rl-xk/saved_models/ct_sac/acrobot-swingup-xk/xk_r1_g0p995_raw/seed_0/dt_0_0005_maxs_40000_xk_gamma_v1/ct_sac_acrobot-swingup-xk_xk_r1_g0p995_raw_800000_steps.pth,66592cd2c97e2802a153da99089c0a9cb784dd265c4d7245d4debcf44b5eb8a2,0,7eb494e46d9ff1426369ad56a6b015f19485dcd0bb06d4fc2c10dd510e521eaf,r1,,"{""damping"":0.0,""paper_start"":false,""release_angle_range"":[0.05,0.5],""release_start"":true,""reward_kind"":""r1"",""torque_limit"":64.0,""uniform_start"":false}",20002,release,0.0,64.0,20.0,0.0005,0.0005,0.05,0.025,0.05,1.0,0.04,19.99999999999874,False,inf,nan,nan,nan,nan,nan,nan,0.34887745583240287,1724.0390518778315,0.0,inf,0.5922581352253976,8.791112952977187e-05,9.315760566788441,4.821428298950195,51.68983459472656
1,ct_sac,acrobot-swingup-xk,xk_r1_g0p995_raw,/work2/10976/sebale16/frontera/ct-rl-xk/saved_models/ct_sac/acrobot-swingup-xk/xk_r1_g0p995_raw/seed_0/dt_0_0005_maxs_40000_xk_gamma_v1/ct_sac_acrobot-swingup-xk_xk_r1_g0p995_raw_800000_steps.pth,66592cd2c97e2802a153da99089c0a9cb784dd265c4d7245d4debcf44b5eb8a2,0,7eb494e46d9ff1426369ad56a6b015f19485dcd0bb06d4fc2c10dd510e521eaf,r1,,"{""damping"":0.0,""paper_start"":false,""release_angle_range"":[0.05,0.5],""release_start"":true,""reward_kind"":""r1"",""torque_limit"":64.0,""uniform_start"":false}",20003,release,0.0,64.0,20.0,0.0005,0.0005,0.05,0.025,0.05,1.0,0.04,19.99999999999874,False,inf,nan,nan,nan,nan,nan,nan,0.14934158691707247,2968.508220986832,0.0,inf,0.9089745327790799,0.0006730231473710546,15.20145786222944,6.743143081665039,53.09942626953125
1,ct_sac,acrobot-swingup-xk,xk_r1_g0p995_raw,/work2/10976/sebale16/frontera/ct-rl-xk/saved_models/ct_sac/acrobot-swingup-xk/xk_r1_g0p995_raw/seed_0/dt_0_0005_maxs_40000_xk_gamma_v1/ct_sac_acrobot-swingup-xk_xk_r1_g0p995_raw_800000_steps.pth,66592cd2c97e2802a153da99089c0a9cb784dd265c4d7245d4debcf44b5eb8a2,0,7eb494e46d9ff1426369ad56a6b015f19485dcd0bb06d4fc2c10dd510e521eaf,r1,,"{""damping"":0.0,""paper_start"":false,""release_angle_range"":[0.05,0.5],""release_start"":true,""reward_kind"":""r1"",""torque_limit"":64.0,""uniform_start"":false}",20004,release,0.0,64.0,20.0,0.0005,0.0005,0.05,0.025,0.05,1.0,0.04,19.99999999999874,False,inf,nan,nan,nan,nan,nan,nan,0.009794752784817121,4152.158687388097,0.0,inf,0.8320750880662839,0.0010484476746945859,13.83498371516545,7.237312316894531,61.353363037109375
1,ct_sac,acrobot-swingup-xk,xk_r1_g0p995_raw,/work2/10976/sebale16/frontera/ct-rl-xk/saved_models/ct_sac/acrobot-swingup-xk/xk_r1_g0p995_raw/seed_0/dt_0_0005_maxs_40000_xk_gamma_v1/ct_sac_acrobot-swingup-xk_xk_r1_g0p995_raw_800000_steps.pth,66592cd2c97e2802a153da99089c0a9cb784dd265c4d7245d4debcf44b5eb8a2,0,7eb494e46d9ff1426369ad56a6b015f19485dcd0bb06d4fc2c10dd510e521eaf,r1,,"{""damping"":0.0,""paper_start"":false,""release_angle_range"":[0.05,0.5],""release_start"":true,""reward_kind"":""r1"",""torque_limit"":64.0,""uniform_start"":false}",20005,release,0.0,64.0,20.0,0.0005,0.0005,0.05,0.025,0.05,1.0,0.04,19.99999999999874,False,inf,nan,nan,nan,nan,nan,nan,0.022163728094382936,2820.651388664406,0.0,inf,0.5247896928300683,0.0014142014462272812,14.465537961391163,5.313753128051758,55.64636993408203
1,ct_sac,acrobot-swingup-xk,xk_r1_g0p995_raw,/work2/10976/sebale16/frontera/ct-rl-xk/saved_models/ct_sac/acrobot-swingup-xk/xk_r1_g0p995_raw/seed_0/dt_0_0005_maxs_40000_xk_gamma_v1/ct_sac_acrobot-swingup-xk_xk_r1_g0p995_raw_800000_steps.pth,66592cd2c97e2802a153da99089c0a9cb784dd265c4d7245d4debcf44b5eb8a2,0,7eb494e46d9ff1426369ad56a6b015f19485dcd0bb06d4fc2c10dd510e521eaf,r1,,"{""damping"":0.0,""paper_start"":false,""release_angle_range"":[0.05,0.5],""release_start"":true,""reward_kind"":""r1"",""torque_limit"":64.0,""uniform_start"":false}",20006,release,0.0,64.0,20.0,0.0005,0.0005,0.05,0.025,0.05,1.0,0.04,19.99999999999874,False,inf,nan,nan,nan,nan,nan,nan,0.1917811953911173,2807.264322813072,0.0,inf,0.6811344631908063,0.00043779924679654414,16.38063462418492,5.316877841949463,53.744972229003906
1,ct_sac,acrobot-swingup-xk,xk_r1_g0p995_raw,/work2/10976/sebale16/frontera/ct-rl-xk/saved_models/ct_sac/acrobot-swingup-xk/xk_r1_g0p995_raw/seed_0/dt_0_0005_maxs_40000_xk_gamma_v1/ct_sac_acrobot-swingup-xk_xk_r1_g0p995_raw_800000_steps.pth,66592cd2c97e2802a153da99089c0a9cb784dd265c4d7245d4debcf44b5eb8a2,0,7eb494e46d9ff1426369ad56a6b015f19485dcd0bb06d4fc2c10dd510e521eaf,r1,,"{""damping"":0.0,""paper_start"":false,""release_angle_range"":[0.05,0.5],""release_start"":true,""reward_kind"":""r1"",""torque_limit"":64.0,""uniform_start"":false}",20007,release,0.0,64.0,20.0,0.0005,0.0005,0.05,0.025,0.05,1.0,0.04,19.99999999999874,False,inf,nan,nan,nan,nan,nan,nan,0.09596269532427588,4101.279101817855,0.0,inf,0.5487665025608127,0.0006957855571059213,15.295988960778445,9.034226417541504,59.682743072509766
1,ct_sac,acrobot-swingup-xk,xk_r1_g0p995_raw,/work2/10976/sebale16/frontera/ct-rl-xk/saved_models/ct_sac/acrobot-swingup-xk/xk_r1_g0p995_raw/seed_0/dt_0_0005_maxs_40000_xk_gamma_v1/ct_sac_acrobot-swingup-xk_xk_r1_g0p995_raw_800000_steps.pth,66592cd2c97e2802a153da99089c0a9cb784dd265c4d7245d4debcf44b5eb8a2,0,7eb494e46d9ff1426369ad56a6b015f19485dcd0bb06d4fc2c10dd510e521eaf,r1,,"{""damping"":0.0,""paper_start"":false,""release_angle_range"":[0.05,0.5],""release_start"":true,""reward_kind"":""r1"",""torque_limit"":64.0,""uniform_start"":false}",20008,release,0.0,64.0,20.0,0.0005,0.0005,0.05,0.025,0.05,1.0,0.04,19.99999999999874,False,inf,nan,nan,nan,nan,nan,nan,0.4127828404165432,4893.757340411505,0.0,inf,2.281218469876117,0.011372941531519132,33.51104990587855,8.895706176757812,63.484466552734375
1,ct_sac,acrobot-swingup-xk,xk_r1_g0p995_raw,/work2/10976/sebale16/frontera/ct-rl-xk/saved_models/ct_sac/acrobot-swingup-xk/xk_r1_g0p995_raw/seed_0/dt_0_0005_maxs_40000_xk_gamma_v1/ct_sac_acrobot-swingup-xk_xk_r1_g0p995_raw_800000_steps.pth,66592cd2c97e2802a153da99089c0a9cb784dd265c4d7245d4debcf44b5eb8a2,0,7eb494e46d9ff1426369ad56a6b015f19485dcd0bb06d4fc2c10dd510e521eaf,r1,,"{""damping"":0.0,""paper_start"":false,""release_angle_range"":[0.05,0.5],""release_start"":true,""reward_kind"":""r1"",""torque_limit"":64.0,""uniform_start"":false}",20009,release,0.0,64.0,20.0,0.0005,0.0005,0.05,0.025,0.05,1.0,0.04,19.99999999999874,False,inf,nan,nan,nan,nan,nan,nan,0.4193484065930656,2322.974466418737,0.0,inf,0.7417565834668998,0.000542052871239207,14.034518937563007,5.2695746421813965,48.144866943359375
1,ct_sac,acrobot-swingup-xk,xk_r1_g0p995_raw,/work2/10976/sebale16/frontera/ct-rl-xk/saved_models/ct_sac/acrobot-swingup-xk/xk_r1_g0p995_raw/seed_0/dt_0_0005_maxs_40000_xk_gamma_v1/ct_sac_acrobot-swingup-xk_xk_r1_g0p995_raw_800000_steps.pth,66592cd2c97e2802a153da99089c0a9cb784dd265c4d7245d4debcf44b5eb8a2,0,7eb494e46d9ff1426369ad56a6b015f19485dcd0bb06d4fc2c10dd510e521eaf,r1,,"{""damping"":0.0,""paper_start"":false,""release_angle_range"":[0.05,0.5],""release_start"":true,""reward_kind"":""r1"",""torque_limit"":64.0,""uniform_start"":false}",20010,release,0.0,64.0,20.0,0.0005,0.0005,0.05,0.025,0.05,1.0,0.04,19.99999999999874,False,inf,nan,nan,nan,nan,nan,nan,0.04799464117408966,3145.228964155027,0.0,inf,0.5198513992091242,8.294511017936657e-05,9.155401376868156,5.309280872344971,56.18507385253906
1,ct_sac,acrobot-swingup-xk,xk_r1_g0p995_raw,/work2/10976/sebale16/frontera/ct-rl-xk/saved_models/ct_sac/acrobot-swingup-xk/xk_r1_g0p995_raw/seed_0/dt_0_0005_maxs_40000_xk_gamma_v1/ct_sac_acrobot-swingup-xk_xk_r1_g0p995_raw_800000_steps.pth,66592cd2c97e2802a153da99089c0a9cb784dd265c4d7245d4debcf44b5eb8a2,0,7eb494e46d9ff1426369ad56a6b015f19485dcd0bb06d4fc2c10dd510e521eaf,r1,,"{""damping"":0.0,""paper_start"":false,""release_angle_range"":[0.05,0.5],""release_start"":true,""reward_kind"":""r1"",""torque_limit"":64.0,""uniform_start"":false}",20011,release,0.0,64.0,20.0,0.0005,0.0005,0.05,0.025,0.05,1.0,0.04,19.99999999999874,False,inf,nan,nan,nan,nan,nan,nan,0.1455606842211591,5175.720399868228,0.0,inf,0.7407453877243658,0.0014145342890721224,1.6061635317654535,9.14057731628418,63.51130676269531
1,ct_sac,acrobot-swingup-xk,xk_r1_g0p995_raw,/work2/10976/sebale16/frontera/ct-rl-xk/saved_models/ct_sac/acrobot-swingup-xk/xk_r1_g0p995_raw/seed_0/dt_0_0005_maxs_40000_xk_gamma_v1/ct_sac_acrobot-swingup-xk_xk_r1_g0p995_raw_800000_steps.pth,66592cd2c97e2802a153da99089c0a9cb784dd265c4d7245d4debcf44b5eb8a2,0,7eb494e46d9ff1426369ad56a6b015f19485dcd0bb06d4fc2c10dd510e521eaf,r1,,"{""damping"":0.0,""paper_start"":false,""release_angle_range"":[0.05,0.5],""release_start"":true,""reward_kind"":""r1"",""torque_limit"":64.0,""uniform_start"":false}",20012,release,0.0,64.0,20.0,0.0005,0.0005,0.05,0.025,0.05,1.0,0.04,19.99999999999874,False,inf,nan,nan,nan,nan,nan,nan,0.1402605510467494,5123.354756212367,0.0,inf,0.4942009050722678,4.9114739191225e-05,8.173433134760515,9.338175773620605,63.446746826171875
1,ct_sac,acrobot-swingup-xk,xk_r1_g0p995_raw,/work2/10976/sebale16/frontera/ct-rl-xk/saved_models/ct_sac/acrobot-swingup-xk/xk_r1_g0p995_raw/seed_0/dt_0_0005_maxs_40000_xk_gamma_v1/ct_sac_acrobot-swingup-xk_xk_r1_g0p995_raw_800000_steps.pth,66592cd2c97e2802a153da99089c0a9cb784dd265c4d7245d4debcf44b5eb8a2,0,7eb494e46d9ff1426369ad56a6b015f19485dcd0bb06d4fc2c10dd510e521eaf,r1,,"{""damping"":0.0,""paper_start"":false,""release_angle_range"":[0.05,0.5],""release_start"":true,""reward_kind"":""r1"",""torque_limit"":64.0,""uniform_start"":false}",20013,release,0.0,64.0,20.0,0.0005,0.0005,0.05,0.025,0.05,1.0,0.04,19.99999999999874,False,inf,nan,nan,nan,nan,nan,nan,0.24465188586377465,8281.514764703092,0.0,inf,2.426570346818089,0.0002522395296580271,8.685519623317589,12.909561157226562,63.683982849121094
1,ct_sac,acrobot-swingup-xk,xk_r1_g0p995_raw,/work2/10976/sebale16/frontera/ct-rl-xk/saved_models/ct_sac/acrobot-swingup-xk/xk_r1_g0p995_raw/seed_0/dt_0_0005_maxs_40000_xk_gamma_v1/ct_sac_acrobot-swingup-xk_xk_r1_g0p995_raw_800000_steps.pth,66592cd2c97e2802a153da99089c0a9cb784dd265c4d7245d4debcf44b5eb8a2,0,7eb494e46d9ff1426369ad56a6b015f19485dcd0bb06d4fc2c10dd510e521eaf,r1,,"{""damping"":0.0,""paper_start"":false,""release_angle_range"":[0.05,0.5],""release_start"":true,""reward_kind"":""r1"",""torque_limit"":64.0,""uniform_start"":false}",20014,release,0.0,64.0,20.0,0.0005,0.0005,0.05,0.025,0.05,1.0,0.04,19.99999999999874,False,inf,nan,nan,nan,nan,nan,nan,0.13975933319368933,3834.5120196885587,0.0,inf,0.8799075633247915,0.0023816091867026046,14.846828694568842,6.702291011810303,55.79957580566406
1,ct_sac,acrobot-swingup-xk,xk_r1_g0p995_raw,/work2/10976/sebale16/frontera/ct-rl-xk/saved_models/ct_sac/acrobot-swingup-xk/xk_r1_g0p995_raw/seed_0/dt_0_0005_maxs_40000_xk_gamma_v1/ct_sac_acrobot-swingup-xk_xk_r1_g0p995_raw_800000_steps.pth,66592cd2c97e2802a153da99089c0a9cb784dd265c4d7245d4debcf44b5eb8a2,0,7eb494e46d9ff1426369ad56a6b015f19485dcd0bb06d4fc2c10dd510e521eaf,r1,,"{""damping"":0.0,""paper_start"":false,""release_angle_range"":[0.05,0.5],""release_start"":true,""reward_kind"":""r1"",""torque_limit"":64.0,""uniform_start"":false}",20015,release,0.0,64.0,20.0,0.0005,0.0005,0.05,0.025,0.05,1.0,0.04,19.99999999999874,False,inf,nan,nan,nan,nan,nan,nan,0.47810965182448667,3374.098901068296,0.0,inf,0.9947812567141394,0.00046657071179367904,14.90602620664113,6.694845676422119,47.20771026611328
1,ct_sac,acrobot-swingup-xk,xk_r1_g0p995_raw,/work2/10976/sebale16/frontera/ct-rl-xk/saved_models/ct_sac/acrobot-swingup-xk/xk_r1_g0p995_raw/seed_0/dt_0_0005_maxs_40000_xk_gamma_v1/ct_sac_acrobot-swingup-xk_xk_r1_g0p995_raw_800000_steps.pth,66592cd2c97e2802a153da99089c0a9cb784dd265c4d7245d4debcf44b5eb8a2,0,7eb494e46d9ff1426369ad56a6b015f19485dcd0bb06d4fc2c10dd510e521eaf,r1,,"{""damping"":0.0,""paper_start"":false,""release_angle_range"":[0.05,0.5],""release_start"":true,""reward_kind"":""r1"",""torque_limit"":64.0,""uniform_start"":false}",20016,release,0.0,64.0,20.0,0.0005,0.0005,0.05,0.025,0.05,1.0,0.04,19.99999999999874,False,inf,nan,nan,nan,nan,nan,nan,0.14479543135765321,3372.614913719799,0.0,inf,0.2753116570161589,7.245603720207328e-05,8.201777238703968,10.852639198303223,55.986846923828125
1,ct_sac,acrobot-swingup-xk,xk_r1_g0p995_raw,/work2/10976/sebale16/frontera/ct-rl-xk/saved_models/ct_sac/acrobot-swingup-xk/xk_r1_g0p995_raw/seed_0/dt_0_0005_maxs_40000_xk_gamma_v1/ct_sac_acrobot-swingup-xk_xk_r1_g0p995_raw_800000_steps.pth,66592cd2c97e2802a153da99089c0a9cb784dd265c4d7245d4debcf44b5eb8a2,0,7eb494e46d9ff1426369ad56a6b015f19485dcd0bb06d4fc2c10dd510e521eaf,r1,,"{""damping"":0.0,""paper_start"":false,""release_angle_range"":[0.05,0.5],""release_start"":true,""reward_kind"":""r1"",""torque_limit"":64.0,""uniform_start"":false}",20017,release,0.0,64.0,20.0,0.0005,0.0005,0.05,0.025,0.05,1.0,0.04,19.99999999999874,False,inf,nan,nan,nan,nan,nan,nan,0.10576890044692061,3839.7973680348578,0.0,inf,0.908976268019301,0.0008157131083770253,14.983958204506806,6.702780723571777,55.20161437988281
1,ct_sac,acrobot-swingup-xk,xk_r1_g0p995_raw,/work2/10976/sebale16/frontera/ct-rl-xk/saved_models/ct_sac/acrobot-swingup-xk/xk_r1_g0p995_raw/seed_0/dt_0_0005_maxs_40000_xk_gamma_v1/ct_sac_acrobot-swingup-xk_xk_r1_g0p995_raw_800000_steps.pth,66592cd2c97e2802a153da99089c0a9cb784dd265c4d7245d4debcf44b5eb8a2,0,7eb494e46d9ff1426369ad56a6b015f19485dcd0bb06d4fc2c10dd510e521eaf,r1,,"{""damping"":0.0,""paper_start"":false,""release_angle_range"":[0.05,0.5],""release_start"":true,""reward_kind"":""r1"",""torque_limit"":64.0,""uniform_start"":false}",20018,release,0.0,64.0,20.0,0.0005,0.0005,0.05,0.025,0.05,1.0,0.04,19.99999999999874,False,inf,nan,nan,nan,nan,nan,nan,0.09262168128786641,2827.636661110654,0.0,inf,0.8464515268763129,0.0010344953079943764,8.585068894658086,6.72957181930542,45.471763610839844
1,ct_sac,acrobot-swingup-xk,xk_r1_g0p995_raw,/work2/10976/sebale16/frontera/ct-rl-xk/saved_models/ct_sac/acrobot-swingup-xk/xk_r1_g0p995_raw/seed_0/dt_0_0005_maxs_40000_xk_gamma_v1/ct_sac_acrobot-swingup-xk_xk_r1_g0p995_raw_800000_steps.pth,66592cd2c97e2802a153da99089c0a9cb784dd265c4d7245d4debcf44b5eb8a2,0,7eb494e46d9ff1426369ad56a6b015f19485dcd0bb06d4fc2c10dd510e521eaf,r1,,"{""damping"":0.0,""paper_start"":false,""release_angle_range"":[0.05,0.5],""release_start"":true,""reward_kind"":""r1"",""torque_limit"":64.0,""uniform_start"":false}",20019,release,0.0,64.0,20.0,0.0005,0.0005,0.05,0.025,0.05,1.0,0.04,19.99999999999874,False,inf,nan,nan,nan,nan,nan,nan,0.08722410618825333,2913.394427219592,0.0,inf,0.8161401012872879,0.0001287474304305647,8.46501021405458,6.721292972564697,44.460479736328125
1,ct_sac,acrobot-swingup-xk,xk_r1_g0p995_raw,/work2/10976/sebale16/frontera/ct-rl-xk/saved_models/ct_sac/acrobot-swingup-xk/xk_r1_g0p995_raw/seed_0/dt_0_0005_maxs_40000_xk_gamma_v1/ct_sac_acrobot-swingup-xk_xk_r1_g0p995_raw_800000_steps.pth,66592cd2c97e2802a153da99089c0a9cb784dd265c4d7245d4debcf44b5eb8a2,0,7eb494e46d9ff1426369ad56a6b015f19485dcd0bb06d4fc2c10dd510e521eaf,r1,,"{""damping"":0.0,""paper_start"":false,""release_angle_range"":[0.05,0.5],""release_start"":true,""reward_kind"":""r1"",""torque_limit"":64.0,""uniform_start"":false}",20020,release,0.0,64.0,20.0,0.0005,0.0005,0.05,0.025,0.05,1.0,0.04,19.99999999999874,False,inf,nan,nan,nan,nan,nan,nan,0.1642249449195523,3833.74311638974,0.0,inf,0.8227013256826972,0.00014502508782143764,15.220772995024717,6.7003583908081055,55.31251525878906
1,ct_sac,acrobot-swingup-xk,xk_r1_g0p995_raw,/work2/10976/sebale16/frontera/ct-rl-xk/saved_models/ct_sac/acrobot-swingup-xk/xk_r1_g0p995_raw/seed_0/dt_0_0005_maxs_40000_xk_gamma_v1/ct_sac_acrobot-swingup-xk_xk_r1_g0p995_raw_800000_steps.pth,66592cd2c97e2802a153da99089c0a9cb784dd265c4d7245d4debcf44b5eb8a2,0,7eb494e46d9ff1426369ad56a6b015f19485dcd0bb06d4fc2c10dd510e521eaf,r1,,"{""damping"":0.0,""paper_start"":false,""release_angle_range"":[0.05,0.5],""release_start"":true,""reward_kind"":""r1"",""torque_limit"":64.0,""uniform_start"":false}",20021,release,0.0,64.0,20.0,0.0005,0.0005,0.05,0.025,0.05,1.0,0.04,19.99999999999874,False,inf,nan,nan,nan,nan,nan,nan,0.3775275932036306,3212.238141607682,0.0,inf,0.7214548166801753,0.0016463678189140296,16.29653956743384,5.265068054199219,49.4013671875
1,ct_sac,acrobot-swingup-xk,xk_r1_g0p995_raw,/work2/10976/sebale16/frontera/ct-rl-xk/saved_models/ct_sac/acrobot-swingup-xk/xk_r1_g0p995_raw/seed_0/dt_0_0005_maxs_40000_xk_gamma_v1/ct_sac_acrobot-swingup-xk_xk_r1_g0p995_raw_800000_steps.pth,66592cd2c97e2802a153da99089c0a9cb784dd265c4d7245d4debcf44b5eb8a2,0,7eb494e46d9ff1426369ad56a6b015f19485dcd0bb06d4fc2c10dd510e521eaf,r1,,"{""damping"":0.0,""paper_start"":false,""release_angle_range"":[0.05,0.5],""release_start"":true,""reward_kind"":""r1"",""torque_limit"":64.0,""uniform_start"":false}",20022,release,0.0,64.0,20.0,0.0005,0.0005,0.05,0.025,0.05,1.0,0.04,19.99999999999874,False,inf,nan,nan,nan,nan,nan,nan,0.049408702658242896,4981.432754491764,0.0,inf,0.5652861902683574,0.0004294393917732009,6.226015435697736,10.394440650939941,63.447174072265625
1,ct_sac,acrobot-swingup-xk,xk_r1_g0p995_raw,/work2/10976/sebale16/frontera/ct-rl-xk/saved_models/ct_sac/acrobot-swingup-xk/xk_r1_g0p995_raw/seed_0/dt_0_0005_maxs_40000_xk_gamma_v1/ct_sac_acrobot-swingup-xk_xk_r1_g0p995_raw_800000_steps.pth,66592cd2c97e2802a153da99089c0a9cb784dd265c4d7245d4debcf44b5eb8a2,0,7eb494e46d9ff1426369ad56a6b015f19485dcd0bb06d4fc2c10dd510e521eaf,r1,,"{""damping"":0.0,""paper_start"":false,""release_angle_range"":[0.05,0.5],""release_start"":true,""reward_kind"":""r1"",""torque_limit"":64.0,""uniform_start"":false}",20023,release,0.0,64.0,20.0,0.0005,0.0005,0.05,0.025,0.05,1.0,0.04,19.99999999999874,False,inf,nan,nan,nan,nan,nan,nan,0.07939772911380537,2842.234456333893,0.0,inf,0.8723936554004971,0.001816685908412552,8.899678622367396,6.735229969024658,45.46185302734375
1,ct_sac,acrobot-swingup-xk,xk_r1_g0p995_raw,/work2/10976/sebale16/frontera/ct-rl-xk/saved_models/ct_sac/acrobot-swingup-xk/xk_r1_g0p995_raw/seed_0/dt_0_0005_maxs_40000_xk_gamma_v1/ct_sac_acrobot-swingup-xk_xk_r1_g0p995_raw_800000_steps.pth,66592cd2c97e2802a153da99089c0a9cb784dd265c4d7245d4debcf44b5eb8a2,0,7eb494e46d9ff1426369ad56a6b015f19485dcd0bb06d4fc2c10dd510e521eaf,r1,,"{""damping"":0.0,""paper_start"":false,""release_angle_range"":[0.05,0.5],""release_start"":true,""reward_kind"":""r1"",""torque_limit"":64.0,""uniform_start"":false}",20024,release,0.0,64.0,20.0,0.0005,0.0005,0.05,0.025,0.05,1.0,0.04,19.99999999999874,False,inf,nan,nan,nan,nan,nan,nan,0.4871076932079192,1651.8179332186874,0.0,inf,0.6231345433702293,0.0005052915720540341,10.79865461359681,4.753208160400391,54.06188201904297
1,ct_sac,acrobot-swingup-xk,xk_r1_g0p995_raw,/work2/10976/sebale16/frontera/ct-rl-xk/saved_models/ct_sac/acrobot-swingup-xk/xk_r1_g0p995_raw/seed_0/dt_0_0005_maxs_40000_xk_gamma_v1/ct_sac_acrobot-swingup-xk_xk_r1_g0p995_raw_800000_steps.pth,66592cd2c97e2802a153da99089c0a9cb784dd265c4d7245d4debcf44b5eb8a2,0,7eb494e46d9ff1426369ad56a6b015f19485dcd0bb06d4fc2c10dd510e521eaf,r1,,"{""damping"":0.0,""paper_start"":false,""release_angle_range"":[0.05,0.5],""release_start"":true,""reward_kind"":""r1"",""torque_limit"":64.0,""uniform_start"":false}",20025,release,0.0,64.0,20.0,0.0005,0.0005,0.05,0.025,0.05,1.0,0.04,19.99999999999874,False,inf,nan,nan,nan,nan,nan,nan,0.6021649169990946,3419.726767474923,0.0,inf,0.9794538254526,0.0005806886070800488,17.07477977155088,6.699192047119141,47.97173309326172
1,ct_sac,acrobot-swingup-xk,xk_r1_g0p995_raw,/work2/10976/sebale16/frontera/ct-rl-xk/saved_models/ct_sac/acrobot-swingup-xk/xk_r1_g0p995_raw/seed_0/dt_0_0005_maxs_40000_xk_gamma_v1/ct_sac_acrobot-swingup-xk_xk_r1_g0p995_raw_800000_steps.pth,66592cd2c97e2802a153da99089c0a9cb784dd265c4d7245d4debcf44b5eb8a2,0,7eb494e46d9ff1426369ad56a6b015f19485dcd0bb06d4fc2c10dd510e521eaf,r1,,"{""damping"":0.0,""paper_start"":false,""release_angle_range"":[0.05,0.5],""release_start"":true,""reward_kind"":""r1"",""torque_limit"":64.0,""uniform_start"":false}",20026,release,0.0,64.0,20.0,0.0005,0.0005,0.05,0.025,0.05,1.0,0.04,19.99999999999874,False,inf,nan,nan,nan,nan,nan,nan,0.18785301184155043,2806.4752165167256,0.0,inf,0.6809869538953128,0.000260427729067203,16.383034604639647,5.317441463470459,53.722503662109375
1,ct_sac,acrobot-swingup-xk,xk_r1_g0p995_raw,/work2/10976/sebale16/frontera/ct-rl-xk/saved_models/ct_sac/acrobot-swingup-xk/xk_r1_g0p995_raw/seed_0/dt_0_0005_maxs_40000_xk_gamma_v1/ct_sac_acrobot-swingup-xk_xk_r1_g0p995_raw_800000_steps.pth,66592cd2c97e2802a153da99089c0a9cb784dd265c4d7245d4debcf44b5eb8a2,0,7eb494e46d9ff1426369ad56a6b015f19485dcd0bb06d4fc2c10dd510e521eaf,r1,,"{""damping"":0.0,""paper_start"":false,""release_angle_range"":[0.05,0.5],""release_start"":true,""reward_kind"":""r1"",""torque_limit"":64.0,""uniform_start"":false}",20027,release,0.0,64.0,20.0,0.0005,0.0005,0.05,0.025,0.05,1.0,0.04,19.99999999999874,False,inf,nan,nan,nan,nan,nan,nan,0.14641029787413573,3210.541396405011,0.0,inf,0.6515219119221505,3.454546644832135e-05,16.256303889415975,5.318056106567383,53.513916015625
1,ct_sac,acrobot-swingup-xk,xk_r1_g0p995_raw,/work2/10976/sebale16/frontera/ct-rl-xk/saved_models/ct_sac/acrobot-swingup-xk/xk_r1_g0p995_raw/seed_0/dt_0_0005_maxs_40000_xk_gamma_v1/ct_sac_acrobot-swingup-xk_xk_r1_g0p995_raw_800000_steps.pth,66592cd2c97e2802a153da99089c0a9cb784dd265c4d7245d4debcf44b5eb8a2,0,7eb494e46d9ff1426369ad56a6b015f19485dcd0bb06d4fc2c10dd510e521eaf,r1,,"{""damping"":0.0,""paper_start"":false,""release_angle_range"":[0.05,0.5],""release_start"":true,""reward_kind"":""r1"",""torque_limit"":64.0,""uniform_start"":false}",20028,release,0.0,64.0,20.0,0.0005,0.0005,0.05,0.025,0.05,1.0,0.04,19.99999999999874,False,inf,nan,nan,nan,nan,nan,nan,0.05339190408951604,3831.5814197211726,0.0,inf,0.7816935673316541,0.0023293730749998076,14.991309463844402,6.694575309753418,54.51312255859375
1,ct_sac,acrobot-swingup-xk,xk_r1_g0p995_raw,/work2/10976/sebale16/frontera/ct-rl-xk/saved_models/ct_sac/acrobot-swingup-xk/xk_r1_g0p995_raw/seed_0/dt_0_0005_maxs_40000_xk_gamma_v1/ct_sac_acrobot-swingup-xk_xk_r1_g0p995_raw_800000_steps.pth,66592cd2c97e2802a153da99089c0a9cb784dd265c4d7245d4debcf44b5eb8a2,0,7eb494e46d9ff1426369ad56a6b015f19485dcd0bb06d4fc2c10dd510e521eaf,r1,,"{""damping"":0.0,""paper_start"":false,""release_angle_range"":[0.05,0.5],""release_start"":true,""reward_kind"":""r1"",""torque_limit"":64.0,""uniform_start"":false}",20029,release,0.0,64.0,20.0,0.0005,0.0005,0.05,0.025,0.05,1.0,0.04,19.99999999999874,False,inf,nan,nan,nan,nan,nan,nan,0.09001814124509112,2591.8834129441498,0.0,inf,0.8347436293454442,0.0009606561644730505,8.003663371799462,6.7264933586120605,44.8387336730957
1,ct_sac,acrobot-swingup-xk,xk_r1_g0p995_raw,/work2/10976/sebale16/frontera/ct-rl-xk/saved_models/ct_sac/acrobot-swingup-xk/xk_r1_g0p995_raw/seed_0/dt_0_0005_maxs_40000_xk_gamma_v1/ct_sac_acrobot-swingup-xk_xk_r1_g0p995_raw_800000_steps.pth,66592cd2c97e2802a153da99089c0a9cb784dd265c4d7245d4debcf44b5eb8a2,0,7eb494e46d9ff1426369ad56a6b015f19485dcd0bb06d4fc2c10dd510e521eaf,r1,,"{""damping"":0.0,""paper_start"":false,""release_angle_range"":[0.05,0.5],""release_start"":true,""reward_kind"":""r1"",""torque_limit"":64.0,""uniform_start"":false}",20030,release,0.0,64.0,20.0,0.0005,0.0005,0.05,0.025,0.05,1.0,0.04,19.99999999999874,False,inf,nan,nan,nan,nan,nan,nan,0.09350718006649815,2872.1979464313927,0.0,inf,0.84081382061891,0.001190354147212247,8.713366694911798,6.728147029876709,45.19682693481445
1,ct_sac,acrobot-swingup-xk,xk_r1_g0p995_raw,/work2/10976/sebale16/frontera/ct-rl-xk/saved_models/ct_sac/acrobot-swingup-xk/xk_r1_g0p995_raw/seed_0/dt_0_0005_maxs_40000_xk_gamma_v1/ct_sac_acrobot-swingup-xk_xk_r1_g0p995_raw_800000_steps.pth,66592cd2c97e2802a153da99089c0a9cb784dd265c4d7245d4debcf44b5eb8a2,0,7eb494e46d9ff1426369ad56a6b015f19485dcd0bb06d4fc2c10dd510e521eaf,r1,,"{""damping"":0.0,""paper_start"":false,""release_angle_range"":[0.05,0.5],""release_start"":true,""reward_kind"":""r1"",""torque_limit"":64.0,""uniform_start"":false}",20031,release,0.0,64.0,20.0,0.0005,0.0005,0.05,0.025,0.05,1.0,0.04,19.99999999999874,False,inf,nan,nan,nan,nan,nan,nan,0.06494411854635568,2554.013677931239,0.0,inf,0.8509265709628883,0.0012500079402002484,8.476756129817488,6.730996131896973,45.467430114746094
