seed,step,distribution,n_states,eps_T_rms,eps_T_bias,eps_T_p95,eps_T_p99,rel_eps_T_over_dVoracle,dV_sign_err_frac,dV_spearman,target_spearman,rms_target_learned,rms_target_oracle
0,100000,onpolicy,1500,0.0881,0.0038,0.0805,0.4122,0.3396,0.026,0.9906,0.9997,14.4968,14.4982
0,100000,ou,1500,0.0796,-0.0085,0.1653,0.323,0.4313,0.1007,0.8843,0.9996,6.6858,6.6893
0,126087,onpolicy,1500,0.0587,-0.0077,0.1329,0.2574,0.2344,0.0187,0.989,1.0,27.2435,27.2489
0,126087,ou,1500,0.079,-0.0116,0.1725,0.297,0.3859,0.0773,0.9296,0.9996,6.8801,6.8879
0,152696,onpolicy,1500,0.0677,-0.0056,0.0573,0.3204,0.2295,0.0173,0.9874,0.9999,20.508,20.5109
0,152696,ou,1500,0.0641,-0.0166,0.1312,0.1784,0.3373,0.034,0.9609,0.9996,6.5307,6.5456
0,180055,onpolicy,1500,0.0143,0.0011,0.0335,0.0507,0.063,0.0107,0.9984,1.0,34.8993,34.8971
0,180055,ou,1500,0.091,-0.0179,0.1246,0.1953,0.3849,0.0853,0.9487,0.9996,6.5793,6.5991
0,210088,onpolicy,1500,0.1433,-0.011,0.0334,0.1651,0.5323,0.022,0.9897,1.0,28.5203,28.5256
0,210088,ou,1500,0.0875,-0.0137,0.1805,0.2467,0.3621,0.076,0.9352,0.9994,7.0712,7.0805
0,240065,onpolicy,1500,0.0464,0.0004,0.0788,0.2372,0.1809,0.046,0.9891,0.9999,22.8422,22.8439
0,240065,ou,1500,0.1071,-0.0254,0.215,0.4049,0.3783,0.0827,0.8998,0.9992,7.6194,7.6389
0,269506,onpolicy,1500,0.0516,-0.0055,0.0629,0.2115,0.2102,0.0267,0.984,1.0,30.4448,30.4471
0,269506,ou,1500,0.1095,-0.0299,0.1984,0.3742,0.3632,0.076,0.9026,0.9992,7.7452,7.7703
0,299245,onpolicy,1500,0.0389,-0.0039,0.0675,0.1381,0.1744,0.0167,0.9915,1.0,24.5664,24.5673
0,299245,ou,1500,0.1094,-0.0319,0.1948,0.3608,0.3174,0.0867,0.8885,0.9991,7.4083,7.4342
0,328896,onpolicy,1500,0.0469,-0.0044,0.0395,0.1025,0.2577,0.014,0.997,1.0,28.0582,28.0629
0,328896,ou,1500,0.1225,-0.04,0.2094,0.4715,0.387,0.0927,0.8649,0.9989,7.802,7.8388
0,358881,onpolicy,1500,0.0523,-0.0039,0.0376,0.1489,0.3607,0.016,0.989,1.0,40.7745,40.7762
0,358881,ou,1500,0.1111,-0.041,0.2287,0.4149,0.3781,0.0873,0.8871,0.9993,7.3738,7.4131
0,388628,onpolicy,1500,0.0491,-0.0051,0.0351,0.1018,0.2991,0.0147,0.9904,1.0,36.4226,36.4268
0,388628,ou,1500,0.1107,-0.041,0.2549,0.4015,0.3766,0.118,0.8611,0.9988,7.271,7.3106
0,418524,onpolicy,1500,0.0801,-0.0128,0.0851,0.3995,0.2934,0.0213,0.9679,1.0,30.0875,30.0922
0,418524,ou,1500,0.1235,-0.0405,0.2014,0.4459,0.3462,0.088,0.9008,0.999,7.1557,7.1943
0,445244,onpolicy,1500,0.0377,-0.0022,0.0754,0.1031,0.1567,0.0153,0.9939,1.0,29.547,29.5475
0,445244,ou,1500,0.1272,-0.0287,0.2184,0.4585,0.3526,0.076,0.8984,0.9989,6.945,6.9715
0,471958,onpolicy,1500,0.0377,-0.0046,0.0334,0.0716,0.2657,0.016,0.9952,1.0,42.6779,42.6801
0,471958,ou,1500,0.1278,-0.0266,0.2591,0.413,0.3509,0.1027,0.8877,0.9989,7.0607,7.0841
0,498725,onpolicy,1500,0.0595,-0.007,0.0207,0.0677,0.3738,0.0333,0.9887,0.9999,43.2161,43.2193
0,498725,ou,1500,0.1197,-0.0231,0.2923,0.3939,0.3804,0.102,0.8627,0.9984,6.9933,7.0101
1,100000,onpolicy,1500,125.1849,13.5566,59.1657,434.6009,0.6146,0.0227,0.9776,0.9995,2293.9431,2298.4708
1,100000,ou,1500,744.0455,-108.3647,513.8281,2715.9072,0.555,0.314,0.6697,0.9881,4857.3293,4835.9599
1,126079,onpolicy,1500,117.8285,-8.311,64.1523,808.609,0.3849,0.0333,0.9924,0.9998,4919.4086,4878.6569
1,126079,ou,1500,502.994,-37.9146,320.1602,2033.724,0.4544,0.124,0.9115,0.9994,9277.4938,9194.2065
1,153070,onpolicy,1500,3.9981,-0.0429,8.2366,12.3708,0.1048,0.0373,0.995,0.9997,416.5043,416.2683
1,153070,ou,1500,138.1204,8.6373,180.7569,288.3891,0.3534,0.1133,0.8894,0.9985,2343.5334,2367.8055
1,180169,onpolicy,1500,16.3234,0.9148,33.5039,69.4857,0.2914,0.058,0.9645,0.9988,797.9968,799.3321
1,180169,ou,1500,96.4969,-12.9098,118.9034,251.3409,0.4587,0.144,0.845,0.9967,2275.6343,2262.5221
1,209984,onpolicy,1500,6.0833,0.0159,13.3803,21.8071,0.1621,0.04,0.9861,0.9996,401.868,402.2536
1,209984,ou,1500,104.0377,-10.0646,79.9447,149.4103,0.3711,0.124,0.8517,0.9949,2408.9587,2393.1675
1,239957,onpolicy,1500,3.5302,0.0152,7.6236,12.4509,0.1716,0.0367,0.9838,0.9994,200.3542,200.6772
1,239957,ou,1500,77.9215,-2.3045,67.4666,131.6573,0.3805,0.172,0.7931,0.9954,1791.9215,1785.3388
1,269442,onpolicy,1500,5.8186,0.4187,11.6527,25.5271,0.2091,0.0493,0.972,0.9995,297.4312,298.3221
1,269442,ou,1500,67.9486,-5.2086,61.832,142.5849,0.3755,0.2,0.7237,0.9971,1430.6996,1423.7566
1,298945,onpolicy,1500,6.2539,-0.0404,9.5586,18.0698,0.2797,0.0627,0.9645,0.9996,245.7025,245.7094
1,298945,ou,1500,53.2563,-2.1913,70.1424,126.9831,0.3095,0.2153,0.6882,0.9976,1311.3019,1310.6609
1,328272,onpolicy,1500,3.1727,0.089,6.0502,11.9168,0.1961,0.0613,0.9752,0.9995,163.3594,163.3524
1,328272,ou,1500,43.6465,-0.9506,67.8128,100.6924,0.3214,0.198,0.7314,0.9973,1203.4604,1206.8901
1,358020,onpolicy,1500,2.0635,0.1254,4.3702,7.0624,0.159,0.0267,0.9867,0.9997,188.2311,188.3599
1,358020,ou,1500,37.5712,-1.6647,57.5291,119.1236,0.3374,0.2013,0.7531,0.9971,1171.1839,1173.2332
1,387737,onpolicy,1500,5.2645,0.2411,10.7541,19.6553,0.3961,0.0753,0.9248,0.9971,144.5406,144.8166
1,387737,ou,1500,37.5687,-3.0232,56.7783,111.0478,0.3607,0.2027,0.7269,0.9982,1180.993,1180.4338
1,417298,onpolicy,1500,6.0712,0.0829,8.0332,19.5455,0.3534,0.056,0.9587,0.9986,157.2183,157.245
1,417298,ou,1500,34.0877,0.0508,52.2067,110.362,0.3709,0.1727,0.7583,0.9974,982.2323,981.3828
1,443728,onpolicy,1500,3.0303,0.152,7.312,10.7927,0.1834,0.064,0.9749,0.9993,253.6454,253.7689
1,443728,ou,1500,35.2182,2.4666,46.3169,127.5979,0.4657,0.2153,0.7089,0.9972,970.5103,971.9606
1,470001,onpolicy,1500,4.051,-0.2162,8.938,18.1983,0.2676,0.0553,0.9626,0.9995,217.4129,216.8411
1,470001,ou,1500,40.5323,-0.6993,47.6952,155.6241,0.5255,0.2067,0.7294,0.997,988.3365,986.3428
1,496516,onpolicy,1500,6.9627,0.142,15.9665,31.7152,0.4149,0.11,0.8771,0.9969,291.2522,291.4567
1,496516,ou,1500,38.5813,-1.4274,40.7644,164.6901,0.4583,0.1993,0.79,0.9969,877.786,879.4843
2,100000,onpolicy,1500,0.0244,-0.0034,0.0515,0.0991,0.1102,0.0187,0.9944,1.0,13.6094,13.6144
2,100000,ou,1500,0.1329,-0.0173,0.2359,0.4092,0.5066,0.086,0.9107,0.9992,8.4371,8.4533
2,125519,onpolicy,1500,0.0503,-0.0022,0.103,0.2111,0.171,0.0273,0.9896,1.0,22.9422,22.9463
2,125519,ou,1500,0.141,-0.0217,0.2821,0.4518,0.5276,0.096,0.9187,0.9984,8.2406,8.2711
2,152666,onpolicy,1500,0.0646,-0.0005,0.1028,0.2145,0.2306,0.0373,0.9718,1.0,21.9894,21.9937
2,152666,ou,1500,0.1326,-0.033,0.2231,0.4162,0.4772,0.1007,0.9072,0.9983,8.185,8.2144
2,180479,onpolicy,1500,0.0302,-0.0006,0.0672,0.1083,0.1266,0.0187,0.9928,1.0,28.6388,28.6381
2,180479,ou,1500,0.1694,-0.0365,0.2502,0.4052,0.4867,0.1007,0.8968,0.9989,8.8189,8.8565
2,210390,onpolicy,1500,0.0271,-0.0029,0.0421,0.0696,0.1682,0.0407,0.9823,1.0,37.7028,37.7058
2,210390,ou,1500,0.1506,-0.0391,0.278,0.3809,0.4996,0.096,0.905,0.999,8.8304,8.8739
2,240221,onpolicy,1500,0.0285,-0.0018,0.037,0.1409,0.1207,0.0147,0.9914,1.0,33.0464,33.0472
2,240221,ou,1500,0.1389,-0.0376,0.3346,0.4804,0.4795,0.058,0.9276,0.9991,9.1961,9.2406
2,270088,onpolicy,1500,0.02,-0.0033,0.0342,0.0939,0.1353,0.0093,0.9978,1.0,42.2478,42.2504
2,270088,ou,1500,0.1444,-0.0385,0.3727,0.5484,0.5513,0.0907,0.9158,0.9991,9.1987,9.2474
2,299977,onpolicy,1500,0.0209,-0.0011,0.038,0.0673,0.098,0.0293,0.9957,1.0,35.4186,35.4197
2,299977,ou,1500,0.1528,-0.0404,0.3715,0.6035,0.5136,0.0733,0.9244,0.9991,9.626,9.6721
2,329518,onpolicy,1500,0.0157,-0.002,0.0222,0.0559,0.101,0.0153,0.9982,1.0,37.7518,37.7541
2,329518,ou,1500,0.1694,-0.037,0.4009,0.7637,0.5009,0.074,0.9272,0.9994,9.4843,9.5266
2,359359,onpolicy,1500,0.0237,-0.0053,0.0361,0.0592,0.1389,0.0327,0.9927,1.0,36.6755,36.6804
2,359359,ou,1500,0.1726,-0.0429,0.397,0.7152,0.5302,0.0513,0.9431,0.9993,9.1408,9.1908
2,389020,onpolicy,1500,0.0267,-0.0056,0.0604,0.0932,0.1313,0.0513,0.9897,1.0,34.4311,34.4363
2,389020,ou,1500,0.1698,-0.0468,0.3975,0.7594,0.5361,0.038,0.9321,0.999,9.334,9.3862
2,418857,onpolicy,1500,0.0395,-0.0048,0.0817,0.1095,0.142,0.0193,0.9921,1.0,25.5652,25.5707
2,418857,ou,1500,0.18,-0.0508,0.3981,0.8876,0.5787,0.0567,0.921,0.9991,9.4753,9.5335
2,445367,onpolicy,1500,0.08,-0.0022,0.0876,0.1734,0.2624,0.0407,0.9887,1.0,26.6131,26.6187
2,445367,ou,1500,0.2092,-0.0521,0.4482,1.0704,0.6508,0.0613,0.9038,0.9988,9.3525,9.4101
2,472417,onpolicy,1500,0.0151,-0.0019,0.0183,0.0322,0.1062,0.0513,0.9759,1.0,42.2503,42.2515
2,472417,ou,1500,0.1984,-0.0592,0.4358,1.0086,0.6527,0.0707,0.9073,0.999,9.6188,9.684
2,498536,onpolicy,1500,0.0315,-0.0059,0.0855,0.1197,0.2323,0.018,0.9846,1.0,40.5211,40.5267
2,498536,ou,1500,0.1984,-0.0473,0.4046,1.056,0.6468,0.0587,0.9159,0.9991,9.6236,9.6764
3,100000,onpolicy,1500,0.1617,-0.0278,0.3665,0.6087,0.6,0.226,0.7899,0.9989,12.2842,12.3255
3,100000,ou,1500,0.2951,-0.0034,0.2641,1.0147,0.7692,0.178,0.8425,0.9977,7.6243,7.6198
3,124221,onpolicy,1500,0.1568,-0.0071,0.3658,0.5281,0.5565,0.144,0.8458,0.9997,17.8609,17.8682
3,124221,ou,1500,0.2453,-0.0042,0.1798,0.9086,0.6778,0.15,0.846,0.9979,7.2445,7.2403
3,150858,onpolicy,1500,0.1411,0.0007,0.3127,0.502,0.5749,0.1227,0.8345,0.9994,11.3688,11.3681
3,150858,ou,1500,0.1656,-0.0007,0.1737,0.6616,0.6197,0.08,0.9059,0.9993,7.1694,7.1752
3,177959,onpolicy,1500,0.1234,0.019,0.2994,0.4941,0.6602,0.1453,0.8192,0.9994,9.8457,9.8184
3,177959,ou,1500,0.219,-0.0055,0.1993,1.1357,0.7335,0.142,0.9015,0.9991,6.8029,6.799
3,207864,onpolicy,1500,0.1464,-0.0273,0.3318,0.5138,0.5379,0.172,0.8412,0.9997,19.3183,19.3398
3,207864,ou,1500,0.1688,-0.0075,0.2038,0.9014,0.8449,0.146,0.8179,0.9993,6.2209,6.2229
3,237719,onpolicy,1500,0.0823,-0.0072,0.1175,0.2269,0.3032,0.0227,0.9821,0.9998,15.1658,15.1684
3,237719,ou,1500,0.0924,-0.0152,0.1687,0.3438,0.3731,0.0853,0.947,0.9992,7.3114,7.322
3,267590,onpolicy,1500,0.0927,-0.0066,0.1692,0.4167,0.3087,0.0273,0.9766,0.9999,20.4196,20.4221
3,267590,ou,1500,0.1216,-0.0222,0.1361,0.5089,0.4417,0.0953,0.944,0.9992,7.3443,7.3607
3,297487,onpolicy,1500,0.0495,-0.0082,0.1059,0.1633,0.19,0.0247,0.9899,1.0,14.7325,14.7375
3,297487,ou,1500,0.1247,-0.0232,0.1482,0.55,0.4099,0.0513,0.9686,0.9992,7.2954,7.3173
3,327174,onpolicy,1500,0.0645,0.0168,0.1113,0.1635,0.2021,0.0313,0.9857,1.0,20.368,20.3495
3,327174,ou,1500,0.1134,-0.0294,0.1808,0.4171,0.4404,0.064,0.9488,0.9992,7.2294,7.2641
3,356717,onpolicy,1500,0.0674,0.0017,0.1113,0.1909,0.1679,0.034,0.991,0.9999,19.7814,19.7758
3,356717,ou,1500,0.13,-0.0342,0.1968,0.5011,0.4421,0.0547,0.9526,0.9993,7.1322,7.1652
3,386418,onpolicy,1500,0.1333,-0.0345,0.2018,0.391,0.4445,0.0707,0.9551,0.9999,30.048,30.0842
3,386418,ou,1500,0.1328,-0.046,0.2562,0.5614,0.5521,0.1,0.9107,0.999,6.7781,6.8245
3,416219,onpolicy,1500,0.1747,-0.0081,0.1583,0.3011,0.4397,0.0313,0.9774,0.9999,23.6371,23.6344
3,416219,ou,1500,0.1456,-0.0419,0.1919,0.5755,0.4681,0.0853,0.9205,0.9993,6.7414,6.7828
3,442340,onpolicy,1500,0.1331,-0.0061,0.126,0.2729,0.4126,0.042,0.986,0.9998,20.7785,20.7752
3,442340,ou,1500,0.1285,-0.0412,0.2081,0.586,0.4599,0.0853,0.9148,0.9995,6.8371,6.8814
3,468712,onpolicy,1500,0.082,0.0021,0.1621,0.2883,0.2394,0.0413,0.9819,0.9999,21.0299,21.0214
3,468712,ou,1500,0.161,-0.0499,0.2338,0.7205,0.4568,0.0533,0.909,0.9992,7.1749,7.2254
3,495480,onpolicy,1500,0.1036,-0.0083,0.1292,0.4773,0.3396,0.0373,0.9782,1.0,21.2862,21.2941
3,495480,ou,1500,0.1306,-0.0436,0.2086,0.5596,0.4888,0.068,0.919,0.9992,7.059,7.103
4,100000,onpolicy,1500,0.1106,-0.0005,0.106,0.2163,0.3528,0.0333,0.9737,0.9996,14.4573,14.4636
4,100000,ou,1500,0.1409,-0.0114,0.245,0.697,0.6459,0.0593,0.8894,0.9996,8.14,8.1433
4,124179,onpolicy,1500,0.1058,-0.0081,0.1159,0.3668,0.2549,0.04,0.9761,0.9998,13.5282,13.536
4,124179,ou,1500,0.1346,-0.0118,0.2147,0.5698,0.498,0.0633,0.8989,0.9991,7.5708,7.5726
4,150837,onpolicy,1500,0.1041,-0.0159,0.1989,0.4894,0.4432,0.1127,0.9025,0.9995,13.3857,13.3983
4,150837,ou,1500,0.1674,-0.0334,0.2633,0.4932,0.433,0.072,0.9121,0.9987,7.0789,7.0941
4,177724,onpolicy,1500,0.0898,-0.0014,0.0827,0.634,0.2534,0.0233,0.9891,1.0,22.565,22.5621
4,177724,ou,1500,0.1527,-0.0342,0.2785,0.4241,0.4349,0.0907,0.917,0.999,7.0781,7.0975
4,207514,onpolicy,1500,0.0662,-0.0025,0.0697,0.3095,0.2247,0.0113,0.9924,1.0,21.3407,21.3449
4,207514,ou,1500,0.148,-0.028,0.2279,0.4554,0.4125,0.0827,0.9245,0.9991,7.0979,7.1183
4,237327,onpolicy,1500,0.0451,-0.0155,0.0947,0.1576,0.1651,0.0347,0.9846,0.9999,14.444,14.4559
4,237327,ou,1500,0.159,-0.0258,0.2346,0.3334,0.4261,0.096,0.9201,0.999,7.3547,7.3776
4,267018,onpolicy,1500,0.0354,-0.0039,0.0634,0.1421,0.1308,0.0127,0.9953,1.0,26.6012,26.6043
4,267018,ou,1500,0.2016,-0.0377,0.243,0.3853,0.445,0.062,0.9237,0.9991,7.1382,7.1666
4,296497,onpolicy,1500,0.0864,0.0081,0.1783,0.315,0.2633,0.0393,0.9751,0.9999,16.6186,16.6092
4,296497,ou,1500,0.2045,-0.0385,0.3207,0.5871,0.448,0.082,0.8983,0.9984,7.0503,7.08
4,325948,onpolicy,1500,0.0204,-0.0028,0.0381,0.0709,0.0841,0.018,0.9975,1.0,30.519,30.5217
4,325948,ou,1500,0.187,-0.0442,0.3484,0.5558,0.5025,0.0733,0.9037,0.9987,7.2537,7.2925
4,355757,onpolicy,1500,0.0569,0.0003,0.1407,0.2121,0.2152,0.0247,0.988,0.9999,20.2221,20.2209
4,355757,ou,1500,0.1873,-0.0585,0.3982,0.6435,0.5094,0.102,0.8892,0.9987,7.5878,7.6427
4,385512,onpolicy,1500,0.0261,-0.0035,0.0411,0.0952,0.1133,0.0313,0.9966,1.0,34.0162,34.0198
4,385512,ou,1500,0.2032,-0.0474,0.3595,0.7284,0.4322,0.094,0.9156,0.9981,7.2552,7.3017
4,415257,onpolicy,1500,0.0372,-0.0031,0.0496,0.1831,0.1755,0.0233,0.9957,1.0,35.6441,35.6458
4,415257,ou,1500,0.2427,-0.0596,0.3861,0.8388,0.4577,0.0713,0.9111,0.9985,7.0899,7.1481
4,442080,onpolicy,1500,0.0869,0.0087,0.1865,0.456,0.298,0.014,0.9698,0.9999,19.9695,19.9636
4,442080,ou,1500,0.2394,-0.0482,0.3604,0.7754,0.5257,0.0807,0.9035,0.998,7.3592,7.407
4,468577,onpolicy,1500,0.0492,-0.0098,0.056,0.2304,0.1836,0.0107,0.9939,1.0,29.754,29.7594
4,468577,ou,1500,0.2268,-0.0383,0.392,0.737,0.5385,0.0787,0.8956,0.9976,7.6405,7.6767
4,494886,onpolicy,1500,0.0456,-0.0112,0.059,0.1609,0.1707,0.024,0.995,1.0,30.3897,30.3978
4,494886,ou,1500,0.2341,-0.0342,0.3846,0.8266,0.5139,0.0687,0.9272,0.9981,7.6148,7.6545
5,100000,onpolicy,1500,0.1551,0.0038,0.3317,0.7158,0.4423,0.09,0.9231,0.9987,5.232,5.2548
5,100000,ou,1500,0.1936,-0.0298,0.4215,0.7996,0.5227,0.1,0.9037,0.9979,3.924,3.944
5,124245,onpolicy,1500,0.5133,0.2761,1.1582,1.5309,0.9546,0.2413,0.6044,0.9915,16.705,16.995
5,124245,ou,1500,0.4836,0.08,0.9277,2.4851,0.5228,0.1367,0.8567,0.9983,23.7202,23.7925
5,150602,onpolicy,1500,0.1609,0.0304,0.4017,0.7084,0.4713,0.0733,0.9099,0.9969,13.3318,13.3616
5,150602,ou,1500,0.4169,0.0751,1.0222,1.6762,0.4835,0.1413,0.834,0.9978,22.018,22.1018
5,178445,onpolicy,1500,0.0395,0.0047,0.0762,0.1565,0.1296,0.0407,0.9868,0.9998,7.3077,7.3158
5,178445,ou,1500,0.1519,-0.0128,0.2866,0.6955,0.3659,0.0773,0.9081,0.9988,8.9641,8.9503
5,208144,onpolicy,1500,0.1094,-0.0135,0.0895,0.6482,0.7625,0.0473,0.9002,0.9992,2.0091,2.0076
5,208144,ou,1500,0.0626,-0.0133,0.117,0.2431,0.3709,0.1367,0.8543,0.999,2.1284,2.1177
5,237735,onpolicy,1500,0.1509,-0.0291,0.2248,0.7507,0.6673,0.102,0.862,0.9994,5.7385,5.7806
5,237735,ou,1500,0.0426,-0.0093,0.0758,0.1718,0.2932,0.0987,0.9416,0.9996,3.0726,3.0823
5,267390,onpolicy,1500,0.1307,-0.014,0.2457,0.5908,0.4996,0.086,0.8737,0.9987,8.1884,8.2011
5,267390,ou,1500,0.0443,-0.0072,0.0843,0.1869,0.3886,0.0847,0.9352,0.9993,4.1234,4.1309
5,296891,onpolicy,1500,0.0979,-0.0182,0.1606,0.5178,0.3749,0.0493,0.9449,0.9996,8.5889,8.6041
5,296891,ou,1500,0.0464,-0.0091,0.0976,0.2029,0.3942,0.1107,0.9191,0.9992,4.6747,4.6866
5,326535,onpolicy,1500,0.0831,0.0026,0.1556,0.3431,0.3678,0.0493,0.9455,0.9995,9.9856,9.9871
5,326535,ou,1500,0.043,-0.0094,0.0981,0.1616,0.3281,0.078,0.9288,0.9997,4.9559,4.9659
5,356413,onpolicy,1500,0.0822,-0.0133,0.1405,0.3959,0.217,0.0353,0.9753,0.9998,12.5184,12.5227
5,356413,ou,1500,0.0439,-0.011,0.0978,0.1822,0.2945,0.0727,0.9368,0.9997,5.1011,5.1157
5,385696,onpolicy,1500,0.0875,-0.0146,0.1345,0.4987,0.3287,0.0467,0.9516,0.9997,9.9276,9.9361
5,385696,ou,1500,0.0516,-0.0126,0.0991,0.2459,0.3753,0.1127,0.9184,0.9994,5.3286,5.3442
5,415353,onpolicy,1500,0.0666,-0.0084,0.0702,0.2521,0.2794,0.0493,0.9842,0.9998,13.6219,13.6302
5,415353,ou,1500,0.0512,-0.0121,0.1099,0.2236,0.3522,0.1047,0.9137,0.9995,5.686,5.6999
5,441710,onpolicy,1500,0.1134,-0.015,0.0725,0.6342,0.3977,0.0367,0.9739,0.9999,12.5006,12.5121
5,441710,ou,1500,0.0609,-0.0138,0.1285,0.2545,0.3668,0.0927,0.9082,0.9996,5.5669,5.5822
5,467609,onpolicy,1500,0.0694,-0.0146,0.1116,0.2953,0.284,0.0587,0.9691,0.9998,9.4874,9.4997
5,467609,ou,1500,0.051,-0.0142,0.1022,0.2306,0.344,0.0553,0.9385,0.9993,5.6474,5.6622
5,493777,onpolicy,1500,0.0723,-0.0032,0.1063,0.4023,0.3567,0.046,0.946,0.9999,9.3651,9.3684
5,493777,ou,1500,0.0529,-0.0133,0.1025,0.2199,0.3335,0.0553,0.9448,0.9996,5.5956,5.6104
6,100000,onpolicy,1500,0.07,0.0022,0.1134,0.3269,0.272,0.0313,0.9868,0.9999,26.2923,26.2907
6,100000,ou,1500,0.1208,-0.0016,0.2377,0.6164,0.483,0.084,0.8766,0.9995,8.1465,8.142
6,125333,onpolicy,1500,0.0546,0.0003,0.0988,0.2334,0.2206,0.0387,0.9827,1.0,22.9992,22.9947
6,125333,ou,1500,0.19,-0.0145,0.3144,0.6241,0.4791,0.0767,0.8815,0.9991,8.069,8.0686
6,152054,onpolicy,1500,0.0378,-0.0037,0.0351,0.0824,0.2387,0.112,0.9425,0.9996,39.257,39.2575
6,152054,ou,1500,0.1845,-0.0263,0.2707,0.5805,0.4368,0.0773,0.9163,0.9995,8.107,8.1218
6,179623,onpolicy,1500,0.0493,-0.0055,0.0378,0.1625,0.294,0.058,0.9805,1.0,38.1111,38.1134
6,179623,ou,1500,0.1629,-0.0274,0.2885,0.5678,0.4308,0.0947,0.9214,0.9988,8.0139,8.0364
6,209312,onpolicy,1500,0.1124,-0.0018,0.0614,0.1483,0.4281,0.0273,0.9889,1.0,34.4709,34.4709
6,209312,ou,1500,0.1874,-0.0294,0.2427,0.4996,0.4167,0.0893,0.921,0.999,8.1977,8.2193
6,238921,onpolicy,1500,0.0815,-0.0072,0.0459,0.1207,0.4188,0.0387,0.9898,1.0,35.2681,35.2717
6,238921,ou,1500,0.1672,-0.0367,0.2862,0.4703,0.4168,0.0747,0.9193,0.9991,7.8337,7.8637
6,268668,onpolicy,1500,0.0746,-0.0095,0.0334,0.0917,0.4122,0.0533,0.9832,0.9999,39.7676,39.7734
6,268668,ou,1500,0.1713,-0.0431,0.3599,0.5641,0.4586,0.0953,0.9109,0.9992,7.84,7.8826
6,298265,onpolicy,1500,0.0821,-0.0092,0.0465,0.0762,0.4744,0.1073,0.9387,0.9997,37.8756,37.881
6,298265,ou,1500,0.1647,-0.0418,0.2847,0.5952,0.4285,0.0927,0.9122,0.9991,8.1972,8.2412
6,327848,onpolicy,1500,0.0913,-0.0074,0.0572,0.1143,0.5045,0.0293,0.9854,1.0,35.3477,35.3522
6,327848,ou,1500,0.1594,-0.045,0.2599,0.5859,0.41,0.0813,0.9128,0.9993,8.3862,8.4317
6,358054,onpolicy,1500,0.0704,-0.007,0.0672,0.1062,0.3231,0.0347,0.9857,0.9999,34.8364,34.8408
6,358054,ou,1500,0.1684,-0.0464,0.2838,0.6415,0.4259,0.1113,0.9021,0.9992,8.283,8.3282
6,387678,onpolicy,1500,0.0991,-0.0107,0.0687,0.1024,0.5339,0.088,0.9644,0.9999,36.5364,36.5429
6,387678,ou,1500,0.1702,-0.041,0.2956,0.6256,0.4597,0.084,0.913,0.9992,8.2006,8.2386
6,417471,onpolicy,1500,0.1092,-0.0104,0.0616,0.0952,0.5887,0.1253,0.9229,0.9998,38.4761,38.4813
6,417471,ou,1500,0.1733,-0.0427,0.2698,0.6396,0.4395,0.088,0.9109,0.9992,8.2666,8.3038
6,444088,onpolicy,1500,0.0925,-0.0069,0.1255,0.2978,0.3074,0.0213,0.9762,1.0,23.5893,23.5936
6,444088,ou,1500,0.1904,-0.0553,0.353,0.6507,0.4444,0.1013,0.865,0.9989,8.0078,8.059
6,470633,onpolicy,1500,0.1076,0.0072,0.2213,0.3068,0.5583,0.078,0.8882,0.9999,33.4045,33.3999
6,470633,ou,1500,0.2079,-0.0548,0.3263,0.904,0.4839,0.106,0.9032,0.9985,8.1163,8.1686
6,497498,onpolicy,1500,0.1175,0.0028,0.1404,0.2243,0.3588,0.0173,0.9811,0.9998,22.5823,22.5786
6,497498,ou,1500,0.2056,-0.0421,0.3148,0.9638,0.4722,0.1067,0.9005,0.999,7.8905,7.935
7,100000,onpolicy,1500,0.0457,-0.0019,0.0514,0.1769,0.2186,0.0507,0.9842,1.0,32.3381,32.3388
7,100000,ou,1500,0.1195,0.0231,0.2932,0.466,0.4972,0.0893,0.8546,0.999,7.6515,7.6179
7,124821,onpolicy,1500,0.0238,-0.0045,0.0421,0.0975,0.0996,0.0333,0.996,1.0,31.052,31.0557
7,124821,ou,1500,0.1282,0.0271,0.2787,0.5967,0.5218,0.1007,0.8559,0.9993,8.6197,8.58
7,151846,onpolicy,1500,0.0364,-0.0045,0.0195,0.1188,0.2872,0.0227,0.9872,1.0,38.7419,38.7449
7,151846,ou,1500,0.1397,0.0159,0.2215,0.5475,0.427,0.0893,0.8516,0.9987,8.5222,8.5061
7,178847,onpolicy,1500,0.0155,-0.0012,0.0275,0.064,0.1267,0.0353,0.994,1.0,38.896,38.897
7,178847,ou,1500,0.166,0.0157,0.2409,0.6665,0.4588,0.116,0.8708,0.9975,8.5697,8.5526
7,208851,onpolicy,1500,0.0245,-0.0033,0.0169,0.1173,0.2038,0.0233,0.9973,1.0,38.4721,38.4757
7,208851,ou,1500,0.1668,0.015,0.2024,0.6677,0.4314,0.0667,0.8923,0.9976,8.2165,8.1988
7,238657,onpolicy,1500,0.0165,-0.0062,0.0167,0.0819,0.1274,0.0313,0.9982,1.0,36.1885,36.1935
7,238657,ou,1500,0.1294,0.0024,0.2159,0.4684,0.4757,0.1,0.8956,0.9986,7.9493,7.9492
7,268296,onpolicy,1500,0.0226,-0.0023,0.0134,0.0407,0.1868,0.022,0.9939,1.0,39.3996,39.4011
7,268296,ou,1500,0.0992,0.0051,0.1972,0.4509,0.463,0.0813,0.93,0.9987,7.912,7.9076
7,297959,onpolicy,1500,0.0314,-0.0026,0.0193,0.0428,0.2418,0.0227,0.9939,1.0,39.5299,39.5319
7,297959,ou,1500,0.1136,0.0044,0.2441,0.4606,0.4826,0.09,0.9019,0.9984,7.9153,7.9126
7,327620,onpolicy,1500,0.0464,0.0043,0.0429,0.1816,0.2503,0.014,0.995,1.0,32.1347,32.1326
7,327620,ou,1500,0.1216,0.0109,0.2307,0.6055,0.4433,0.0793,0.9376,0.9983,7.7008,7.6904
7,357565,onpolicy,1500,0.0161,-0.0001,0.0262,0.0603,0.1382,0.0527,0.9835,1.0,38.9737,38.9736
7,357565,ou,1500,0.1271,0.0132,0.2685,0.5586,0.4264,0.0773,0.9198,0.9987,8.0789,8.0637
7,387350,onpolicy,1500,0.0184,-0.0024,0.0166,0.0453,0.1534,0.0147,0.998,1.0,40.3364,40.3384
7,387350,ou,1500,0.1376,0.0046,0.1988,0.7145,0.4063,0.0573,0.9335,0.9977,8.1905,8.1871
7,416737,onpolicy,1500,0.0191,0.0001,0.0213,0.0685,0.1649,0.0247,0.9949,1.0,38.9603,38.9603
7,416737,ou,1500,0.1213,0.003,0.2058,0.6005,0.4079,0.0407,0.9407,0.9986,8.0672,8.0686
7,443212,onpolicy,1500,0.0303,-0.0011,0.0188,0.1293,0.249,0.0187,0.9968,1.0,38.4029,38.4039
7,443212,ou,1500,0.1097,0.0003,0.1613,0.599,0.4391,0.0593,0.9486,0.999,8.276,8.2758
7,470017,onpolicy,1500,0.0462,0.0012,0.0493,0.2537,0.2739,0.0327,0.9748,1.0,29.4777,29.4779
7,470017,ou,1500,0.1071,-0.0032,0.2045,0.5081,0.4333,0.0733,0.9417,0.9989,8.3259,8.3313
7,496544,onpolicy,1500,0.0183,-0.0045,0.0176,0.0706,0.144,0.028,0.9988,1.0,39.1126,39.1166
7,496544,ou,1500,0.1048,0.0017,0.185,0.4843,0.4509,0.076,0.9241,0.9986,8.0862,8.0859
8,100000,onpolicy,1500,0.1309,0.0138,0.1981,0.4508,0.6246,0.1193,0.8442,0.999,9.6704,9.6624
8,100000,ou,1500,0.3566,0.0126,0.3198,1.6989,1.0371,0.1327,0.7702,0.9977,7.0422,7.0252
8,124397,onpolicy,1500,0.0996,-0.0269,0.2365,0.3443,0.4311,0.0907,0.9318,0.9998,11.6735,11.7056
8,124397,ou,1500,0.3418,0.0169,0.3194,1.3787,1.1515,0.146,0.7838,0.9979,6.1274,6.1064
8,151012,onpolicy,1500,0.1183,-0.0215,0.2757,0.4243,0.5167,0.1187,0.9117,0.9997,13.3933,13.4113
8,151012,ou,1500,0.3363,0.0062,0.2033,1.337,1.1627,0.1393,0.8156,0.998,5.8876,5.8793
8,177946,onpolicy,1500,0.0837,-0.0041,0.1472,0.4751,0.3396,0.056,0.967,0.9999,16.4497,16.4543
8,177946,ou,1500,0.0918,-0.0008,0.1679,0.3594,0.3768,0.0593,0.9554,0.9994,6.8435,6.8386
8,207354,onpolicy,1500,0.0918,-0.0047,0.0588,0.5933,0.3344,0.006,0.984,0.9999,15.1858,15.1907
8,207354,ou,1500,0.1052,-0.0062,0.1799,0.355,0.3868,0.0327,0.9453,0.9995,7.454,7.4613
8,237189,onpolicy,1500,0.0525,-0.0068,0.0538,0.1172,0.183,0.016,0.9964,1.0,13.8257,13.8301
8,237189,ou,1500,0.1176,-0.0132,0.1405,0.3497,0.3945,0.08,0.9367,0.9992,7.2892,7.2986
8,266565,onpolicy,1500,0.1688,-0.0187,0.0515,0.4271,0.5502,0.0307,0.9748,1.0,26.5461,26.5574
8,266565,ou,1500,0.1042,-0.0139,0.1834,0.3426,0.4199,0.084,0.9158,0.9992,7.4847,7.4959
8,295813,onpolicy,1500,0.1048,-0.0106,0.0431,0.5126,0.3679,0.0133,0.9953,0.9999,15.579,15.5859
8,295813,ou,1500,0.122,-0.0186,0.206,0.3958,0.4975,0.1013,0.9238,0.9989,7.6625,7.6786
8,325222,onpolicy,1500,0.152,-0.01,0.0922,0.9398,0.4523,0.02,0.9932,1.0,23.8351,23.8425
8,325222,ou,1500,0.1234,-0.0333,0.3016,0.4423,0.5013,0.1127,0.8973,0.999,8.2703,8.303
8,354669,onpolicy,1500,0.0828,-0.0104,0.062,0.3064,0.3237,0.0267,0.9925,0.9999,15.7999,15.813
8,354669,ou,1500,0.1225,-0.0227,0.2764,0.4452,0.4714,0.08,0.9271,0.9991,7.5587,7.5784
8,383846,onpolicy,1500,0.1142,-0.0149,0.071,0.2586,0.3851,0.0233,0.9898,0.9999,19.1944,19.209
8,383846,ou,1500,0.1234,-0.0188,0.209,0.5387,0.4075,0.0593,0.9395,0.999,7.613,7.6257
8,413285,onpolicy,1500,0.1223,-0.0211,0.116,0.5433,0.3463,0.0187,0.9827,1.0,24.5023,24.5101
8,413285,ou,1500,0.1262,-0.0266,0.269,0.5609,0.4631,0.0807,0.9266,0.9989,7.7539,7.777
8,438548,onpolicy,1500,0.2139,-0.0247,0.0526,1.001,0.6482,0.0213,0.9803,1.0,30.0329,30.0437
8,438548,ou,1500,0.1231,-0.0236,0.2773,0.6221,0.472,0.084,0.9326,0.9985,7.9001,7.9227
8,465165,onpolicy,1500,0.0689,-0.0076,0.0403,0.1864,0.2753,0.0167,0.9958,1.0,30.7227,30.7283
8,465165,ou,1500,0.1358,-0.0062,0.2717,0.6631,0.6058,0.1027,0.9243,0.9988,7.7722,7.7745
8,491114,onpolicy,1500,0.2348,-0.0268,0.0499,0.4322,0.7229,0.022,0.9897,1.0,31.5556,31.5701
8,491114,ou,1500,0.1429,-0.0122,0.3143,0.6667,0.5742,0.1273,0.8611,0.9979,7.7435,7.7464
9,100000,onpolicy,1500,0.0592,-0.0125,0.0848,0.2321,0.2447,0.0493,0.9849,0.9998,13.0274,13.0388
9,100000,ou,1500,0.1177,0.0027,0.1339,0.4439,0.4815,0.0873,0.8989,0.9995,6.936,6.935
9,126080,onpolicy,1500,0.0686,-0.0086,0.0946,0.3353,0.2649,0.0173,0.9791,0.9999,12.5936,12.6014
9,126080,ou,1500,0.083,-0.0062,0.1408,0.2431,0.3259,0.046,0.9563,0.9998,6.5826,6.589
9,152864,onpolicy,1500,0.0729,-0.0106,0.0903,0.3422,0.3094,0.0787,0.9513,0.9996,9.1133,9.1246
9,152864,ou,1500,0.0888,-0.0087,0.1589,0.2502,0.3563,0.062,0.9544,0.9995,6.0821,6.0968
9,179921,onpolicy,1500,0.0641,0.0066,0.1181,0.3187,0.196,0.036,0.9871,0.9999,16.5145,16.5074
9,179921,ou,1500,0.0965,-0.0148,0.1586,0.2253,0.405,0.102,0.9169,0.9993,6.074,6.0905
9,209615,onpolicy,1500,0.069,-0.007,0.0921,0.3111,0.2672,0.05,0.9791,0.9998,13.5042,13.512
9,209615,ou,1500,0.0852,-0.0078,0.117,0.3204,0.3433,0.0527,0.9489,0.9997,6.2164,6.2229
9,239315,onpolicy,1500,0.1128,-0.0178,0.0876,0.1764,0.3622,0.0187,0.9876,0.9998,16.5418,16.5553
9,239315,ou,1500,0.1035,-0.0138,0.1507,0.3102,0.3506,0.08,0.9387,0.9995,6.0592,6.0693
9,268738,onpolicy,1500,0.0799,-0.0136,0.0547,0.2052,0.2951,0.0233,0.9961,1.0,32.2597,32.2663
9,268738,ou,1500,0.1258,-0.0187,0.1898,0.3069,0.3254,0.114,0.8863,0.9993,6.0715,6.0858
9,298461,onpolicy,1500,0.0528,0.0091,0.1283,0.1969,0.1924,0.0467,0.978,1.0,20.6313,20.6202
9,298461,ou,1500,0.0996,-0.0156,0.152,0.3224,0.2861,0.094,0.9302,0.9992,6.0905,6.1037
9,328084,onpolicy,1500,0.0854,-0.0065,0.0521,0.3443,0.3612,0.056,0.9702,1.0,32.7769,32.7758
9,328084,ou,1500,0.0812,-0.0106,0.1453,0.2807,0.3126,0.0733,0.9444,0.9993,6.3356,6.345
9,357890,onpolicy,1500,0.0975,-0.0098,0.0601,0.3556,0.3108,0.0227,0.9871,0.9999,23.6221,23.6285
9,357890,ou,1500,0.1198,-0.0262,0.1873,0.3322,0.352,0.0547,0.9387,0.9994,6.1938,6.2173
9,387114,onpolicy,1500,0.0699,-0.0158,0.1046,0.2009,0.2227,0.0187,0.9922,1.0,19.3692,19.3809
9,387114,ou,1500,0.1051,-0.0179,0.1889,0.3046,0.3278,0.108,0.9239,0.999,6.025,6.0432
9,416655,onpolicy,1500,0.0543,-0.0081,0.0621,0.1737,0.2182,0.0147,0.9915,1.0,21.8972,21.9028
9,416655,ou,1500,0.0866,-0.0168,0.162,0.2886,0.3505,0.096,0.9225,0.9992,6.0621,6.082
9,442248,onpolicy,1500,0.165,-0.0109,0.0668,0.2554,0.5343,0.0193,0.9845,0.9999,27.4445,27.4481
9,442248,ou,1500,0.1022,-0.0309,0.2331,0.3526,0.4218,0.1187,0.9067,0.9989,5.7259,5.761
9,468969,onpolicy,1500,0.1336,-0.0187,0.0762,0.1798,0.5865,0.032,0.9553,1.0,31.9339,31.9423
9,468969,ou,1500,0.0971,-0.0222,0.1956,0.3911,0.3874,0.0893,0.9075,0.9994,6.0944,6.122
9,495369,onpolicy,1500,0.1457,-0.0061,0.0432,0.3317,0.5906,0.012,0.9839,1.0,28.9152,28.9189
9,495369,ou,1500,0.1148,-0.0234,0.2143,0.444,0.4247,0.1307,0.894,0.9988,6.235,6.2633
10,100000,onpolicy,1500,0.0749,-0.0047,0.1943,0.363,0.2863,0.0493,0.9775,0.9999,13.7077,13.7138
10,100000,ou,1500,0.0875,0.0132,0.153,0.2541,0.4242,0.0447,0.9425,0.9996,6.543,6.5269
10,124013,onpolicy,1500,0.0857,-0.0085,0.0477,0.2409,0.3191,0.016,0.9851,0.9999,15.7058,15.7138
10,124013,ou,1500,0.0879,-0.0156,0.1517,0.325,0.3812,0.0667,0.9563,0.9996,6.8447,6.8617
10,150758,onpolicy,1500,0.0987,-0.0147,0.0533,0.1444,0.2906,0.014,0.9927,0.9999,20.6894,20.7
10,150758,ou,1500,0.1004,-0.0171,0.2174,0.2804,0.4274,0.0847,0.9315,0.9996,6.5382,6.5545
10,178335,onpolicy,1500,0.2423,-0.0331,0.0608,1.4878,0.7042,0.0267,0.9604,0.9996,17.8655,17.8867
10,178335,ou,1500,0.1174,-0.0336,0.2427,0.3504,0.3327,0.078,0.9045,0.9993,6.7486,6.7888
10,208008,onpolicy,1500,0.0436,-0.0055,0.052,0.1872,0.1623,0.034,0.9922,1.0,31.936,31.9387
10,208008,ou,1500,0.0908,-0.0303,0.1956,0.2834,0.3211,0.094,0.9122,0.9993,6.0605,6.0964
10,237347,onpolicy,1500,0.0656,-0.0112,0.0822,0.2357,0.2117,0.0153,0.9879,0.9999,20.8075,20.8139
10,237347,ou,1500,0.0864,-0.0207,0.1799,0.3359,0.413,0.0573,0.9233,0.9989,6.7025,6.7214
10,266661,onpolicy,1500,0.198,-0.0236,0.0996,0.4835,0.5907,0.0393,0.9735,0.9998,22.7491,22.7614
10,266661,ou,1500,0.0895,-0.0311,0.1805,0.3359,0.334,0.048,0.9283,0.9996,6.3726,6.3974
10,296271,onpolicy,1500,0.0963,-0.0083,0.1303,0.3216,0.3355,0.0387,0.9823,0.9999,18.5495,18.5554
10,296271,ou,1500,0.0894,-0.0263,0.2002,0.2611,0.3662,0.0653,0.9213,0.9996,6.3236,6.3393
10,325672,onpolicy,1500,0.1174,-0.0163,0.0966,0.4404,0.4009,0.0207,0.9897,0.9999,24.0071,24.0165
10,325672,ou,1500,0.0933,-0.0236,0.1785,0.355,0.3695,0.0553,0.9459,0.9995,5.998,6.0144
10,355030,onpolicy,1500,0.0927,-0.0092,0.0281,0.2956,0.4833,0.0147,0.9989,1.0,36.2524,36.2566
10,355030,ou,1500,0.0946,-0.031,0.1986,0.3704,0.3637,0.0193,0.953,0.9994,6.3571,6.3818
10,384719,onpolicy,1500,0.1792,-0.0181,0.0256,0.5477,0.7917,0.0313,0.981,1.0,39.4496,39.4571
10,384719,ou,1500,0.0967,-0.0416,0.2011,0.3713,0.4097,0.076,0.9373,0.9994,6.3959,6.4279
10,414408,onpolicy,1500,0.1656,-0.0162,0.0204,0.4777,0.7786,0.0227,0.976,1.0,40.7184,40.7251
10,414408,ou,1500,0.0989,-0.0346,0.2158,0.4478,0.3542,0.0493,0.9562,0.9996,6.4127,6.4391
10,441070,onpolicy,1500,0.1412,-0.0142,0.0189,0.5154,0.6445,0.016,0.9835,1.0,36.8818,36.8892
10,441070,ou,1500,0.0997,-0.037,0.2209,0.3183,0.4062,0.088,0.9304,0.9996,6.4217,6.4491
10,467395,onpolicy,1500,0.1476,-0.0153,0.0249,0.4154,0.6635,0.0147,0.9974,1.0,34.498,34.5057
10,467395,ou,1500,0.0821,-0.0292,0.1702,0.275,0.3249,0.0627,0.959,0.9996,6.3412,6.3689
10,494042,onpolicy,1500,0.1748,-0.0247,0.0322,0.4308,0.7515,0.0347,0.9768,1.0,35.6027,35.6174
10,494042,ou,1500,0.1026,-0.0343,0.2136,0.3684,0.3394,0.0813,0.9205,0.9994,6.049,6.0795
11,100000,onpolicy,1500,0.0949,-0.0343,0.1902,0.2914,0.3353,0.054,0.9773,0.9995,3.3271,3.3425
11,100000,ou,1500,1.144,-0.1009,0.3931,0.8388,0.6432,0.0907,0.9148,0.9994,7.424,7.1162
11,125589,onpolicy,1500,0.0321,-0.0053,0.0728,0.1119,0.2561,0.0433,0.9776,0.9996,2.3259,2.3192
11,125589,ou,1500,0.567,0.0394,0.5341,1.4216,0.5793,0.0627,0.927,0.9968,6.7847,6.769
11,152440,onpolicy,1500,0.0374,-0.0048,0.0737,0.1841,0.1918,0.03,0.9879,0.9993,2.812,2.8063
11,152440,ou,1500,0.3734,-0.0412,0.4221,1.0825,0.5208,0.0667,0.9436,0.9989,9.5388,9.4867
11,179515,onpolicy,1500,0.1272,0.0128,0.1431,0.8522,0.3818,0.0427,0.9439,0.9976,2.5645,2.5775
11,179515,ou,1500,0.5418,-0.0736,0.2186,1.0953,0.4212,0.0807,0.9303,0.9995,3.9801,3.8105
11,209031,onpolicy,1500,0.0634,-0.0019,0.0986,0.2717,0.3876,0.0593,0.9606,0.9995,4.7951,4.7964
11,209031,ou,1500,0.3726,-0.0276,0.1382,0.2679,0.423,0.0613,0.9707,0.9995,3.96,3.9374
11,238313,onpolicy,1500,0.1461,-0.0232,0.128,0.4467,0.4608,0.0467,0.9671,0.9998,18.514,18.533
11,238313,ou,1500,0.1022,-0.0118,0.1671,0.2737,0.2838,0.1027,0.9141,0.9993,3.8513,3.8638
11,267724,onpolicy,1500,0.0312,-0.0033,0.0692,0.1195,0.1471,0.038,0.9845,0.9999,10.8079,10.8111
11,267724,ou,1500,0.0723,-0.0213,0.1518,0.2054,0.3263,0.0547,0.9474,0.9998,4.1172,4.1349
11,296944,onpolicy,1500,0.0634,-0.0235,0.1349,0.2557,0.3399,0.0833,0.8844,0.9992,15.0292,15.064
11,296944,ou,1500,0.0745,-0.0245,0.1381,0.3441,0.3201,0.0447,0.965,0.9998,4.8943,4.9194
11,326464,onpolicy,1500,0.1504,-0.0249,0.1987,0.7616,0.5335,0.1107,0.9269,0.9997,22.7111,22.726
11,326464,ou,1500,0.0914,-0.0257,0.1576,0.3575,0.3433,0.068,0.9588,0.9997,5.5856,5.6108
11,355856,onpolicy,1500,1.1317,0.4851,3.0831,4.0333,3.1344,0.104,0.5565,0.9997,47.0041,46.0891
11,355856,ou,1500,0.0831,-0.0134,0.118,0.319,0.2989,0.066,0.9571,0.9996,5.9722,5.9882
11,385116,onpolicy,1500,0.0649,-0.0037,0.1374,0.2646,0.2351,0.03,0.9712,0.9999,15.5099,15.5062
11,385116,ou,1500,0.112,0.0024,0.2228,0.427,0.386,0.0873,0.9298,0.9989,5.0854,5.0869
11,414185,onpolicy,1500,0.0653,0.0142,0.1555,0.2137,0.2193,0.0353,0.9791,1.0,18.2696,18.2526
11,414185,ou,1500,0.1147,0.009,0.2588,0.41,0.4315,0.1187,0.8821,0.9989,4.8723,4.8767
11,439722,onpolicy,1500,0.0739,0.0135,0.1768,0.2782,0.2656,0.054,0.9686,0.9999,16.9517,16.9308
11,439722,ou,1500,0.1124,0.0035,0.2499,0.3549,0.4904,0.0907,0.8719,0.9989,5.0999,5.1037
11,466134,onpolicy,1500,0.0955,0.0256,0.2385,0.327,0.3398,0.0833,0.9476,0.9999,24.0769,24.0437
11,466134,ou,1500,0.1169,0.0111,0.2868,0.3823,0.5174,0.0753,0.8824,0.9987,5.5594,5.5504
11,492450,onpolicy,1500,0.1344,-0.0071,0.2175,0.6106,0.4112,0.0873,0.9514,0.9999,24.5179,24.5103
11,492450,ou,1500,0.1255,-0.0043,0.1938,0.5296,0.4338,0.0673,0.8957,0.9987,5.5686,5.5766
