env_id,algo,mode,seed,max_stage,final_stage,best_probe_success,num_stages
acrobot-swingup-v4.3,ct_sac,final_mf,0,0,0,0.4,6
acrobot-swingup-v4.3,ct_sac,final_mf,1,0,0,0.3,6
acrobot-swingup-v4.3,ct_sac,final_mf,2,0,0,0.1,6
acrobot-swingup-v4.3,ct_sac,final_mf,3,0,0,0.0,6
acrobot-swingup-v4.3,ct_sac,final_mf,4,0,0,0.3,6
acrobot-swingup-v4.3,ct_sac,final_mf,5,0,0,0.2,6
acrobot-swingup-v4.3,ct_sac,final_oracle_rollout,0,0,0,0.1,6
acrobot-swingup-v4.3,ct_sac,final_oracle_rollout,1,1,1,1.0,6
acrobot-swingup-v4.3,ct_sac,final_oracle_rollout,2,0,0,0.0,6
acrobot-swingup-v4.3,ct_sac,final_oracle_rollout,3,0,0,0.0,6
acrobot-swingup-v4.3,ct_sac,final_oracle_rollout,4,0,0,0.0,6
acrobot-swingup-v4.3,ct_sac,final_oracle_rollout,5,0,0,0.0,6
acrobot-swingup-v4.3,ct_td3,final_mf,0,0,0,0.0,6
acrobot-swingup-v4.3,ct_td3,final_mf,1,0,0,0.0,6
acrobot-swingup-v4.3,ct_td3,final_mf,2,0,0,0.0,6
acrobot-swingup-v4.3,ct_td3,final_mf,3,0,0,0.0,6
acrobot-swingup-v4.3,ct_td3,final_mf,4,0,0,0.0,6
acrobot-swingup-v4.3,ct_td3,final_mf,5,0,0,0.0,6
acrobot-swingup-v4.3,ppo,final_mf,0,0,0,0.0,6
acrobot-swingup-v4.3,ppo,final_mf,1,0,0,0.0,6
acrobot-swingup-v4.3,ppo,final_mf,2,0,0,0.0,6
acrobot-swingup-v4.3,ppo,final_mf,3,0,0,0.0,6
acrobot-swingup-v4.3,ppo,final_mf,4,0,0,0.0,6
acrobot-swingup-v4.3,ppo,final_mf,5,0,0,0.0,6
acrobot-swingup-v4.3,sac,final_mf,0,0,0,0.0,6
acrobot-swingup-v4.3,sac,final_mf,1,2,2,1.0,6
acrobot-swingup-v4.3,sac,final_mf,2,1,1,1.0,6
acrobot-swingup-v4.3,sac,final_mf,3,3,3,1.0,6
acrobot-swingup-v4.3,sac,final_mf,4,0,0,0.3,6
acrobot-swingup-v4.3,sac,final_mf,5,2,2,1.0,6
acrobot-swingup-v6.1,ct_sac,final_mf,0,0,0,0.0,6
acrobot-swingup-v6.1,ct_sac,final_mf,1,0,0,0.0,6
acrobot-swingup-v6.1,ct_sac,final_mf,2,0,0,0.0,6
acrobot-swingup-v6.1,ct_sac,final_mf,3,0,0,0.0,6
acrobot-swingup-v6.1,ct_sac,final_mf,4,0,0,0.0,6
acrobot-swingup-v6.1,ct_sac,final_mf,5,0,0,0.0,6
acrobot-swingup-v6.1,ct_sac,final_oracle_rollout,0,0,0,0.0,6
acrobot-swingup-v6.1,ct_sac,final_oracle_rollout,1,0,0,0.0,6
acrobot-swingup-v6.1,ct_sac,final_oracle_rollout,2,0,0,0.0,6
acrobot-swingup-v6.1,ct_sac,final_oracle_rollout,3,0,0,0.0,6
acrobot-swingup-v6.1,ct_sac,final_oracle_rollout,4,0,0,0.0,6
acrobot-swingup-v6.1,ct_sac,final_oracle_rollout,5,0,0,0.0,6
acrobot-swingup-v6.1,ct_sac,fixed_a0p1,0,0,0,0.0,6
acrobot-swingup-v6.1,ct_sac,fixed_a0p1,1,0,0,0.0,6
acrobot-swingup-v6.1,ct_sac,fixed_a0p1,2,0,0,0.0,6
acrobot-swingup-v6.1,ct_sac,fixed_a0p1,3,0,0,0.0,6
acrobot-swingup-v6.1,ct_sac,fixed_a0p1,4,0,0,0.0,6
acrobot-swingup-v6.1,ct_sac,fixed_a0p1,5,0,0,0.0,6
acrobot-swingup-v6.1,ct_sac,fixed_a0p5,0,0,0,0.0,6
acrobot-swingup-v6.1,ct_sac,fixed_a0p5,1,0,0,0.0,6
acrobot-swingup-v6.1,ct_sac,fixed_a0p5,2,0,0,0.0,6
acrobot-swingup-v6.1,ct_sac,fixed_a0p5,3,0,0,0.0,6
acrobot-swingup-v6.1,ct_sac,fixed_a0p5,4,0,0,0.0,6
acrobot-swingup-v6.1,ct_sac,fixed_a0p5,5,0,0,0.0,6
acrobot-swingup-v6.1,ct_sac,fixed_a2p0,0,0,0,0.0,6
acrobot-swingup-v6.1,ct_sac,fixed_a2p0,1,0,0,0.0,6
acrobot-swingup-v6.1,ct_sac,fixed_a2p0,2,0,0,0.0,6
acrobot-swingup-v6.1,ct_sac,fixed_a2p0,3,0,0,0.0,6
acrobot-swingup-v6.1,ct_sac,fixed_a2p0,4,0,0,0.0,6
acrobot-swingup-v6.1,ct_sac,fixed_a2p0,5,0,0,0.0,6
acrobot-swingup-v6.1,ct_sac,oracle_a0p1,0,0,0,0.0,6
acrobot-swingup-v6.1,ct_sac,oracle_a0p1,1,0,0,0.0,6
acrobot-swingup-v6.1,ct_sac,oracle_a0p1,2,0,0,0.0,6
acrobot-swingup-v6.1,ct_sac,oracle_a0p1,3,0,0,0.0,6
acrobot-swingup-v6.1,ct_sac,oracle_a0p1,4,0,0,0.0,6
acrobot-swingup-v6.1,ct_sac,oracle_a0p1,5,0,0,0.0,6
acrobot-swingup-v6.1,ct_sac,oracle_a0p5,0,0,0,0.0,6
acrobot-swingup-v6.1,ct_sac,oracle_a0p5,1,0,0,0.0,6
acrobot-swingup-v6.1,ct_sac,oracle_a0p5,2,0,0,0.0,6
acrobot-swingup-v6.1,ct_sac,oracle_a0p5,3,0,0,0.0,6
acrobot-swingup-v6.1,ct_sac,oracle_a0p5,4,0,0,0.0,6
acrobot-swingup-v6.1,ct_sac,oracle_a0p5,5,0,0,0.0,6
acrobot-swingup-v6.1,ct_sac,oracle_a2p0,0,0,0,0.0,6
acrobot-swingup-v6.1,ct_sac,oracle_a2p0,1,0,0,0.0,6
acrobot-swingup-v6.1,ct_sac,oracle_a2p0,2,0,0,0.0,6
acrobot-swingup-v6.1,ct_sac,oracle_a2p0,3,0,0,0.0,6
acrobot-swingup-v6.1,ct_sac,oracle_a2p0,4,0,0,0.0,6
acrobot-swingup-v6.1,ct_sac,oracle_a2p0,5,0,0,0.0,6
acrobot-swingup-v6.1,ct_td3,final_mf,0,0,0,0.0,6
acrobot-swingup-v6.1,ct_td3,final_mf,1,0,0,0.0,6
acrobot-swingup-v6.1,ct_td3,final_mf,2,0,0,0.0,6
acrobot-swingup-v6.1,ct_td3,final_mf,3,0,0,0.0,6
acrobot-swingup-v6.1,ct_td3,final_mf,4,0,0,0.0,6
acrobot-swingup-v6.1,ct_td3,final_mf,5,0,0,0.0,6
acrobot-swingup-v6.1,ppo,final_mf,0,0,0,0.0,6
acrobot-swingup-v6.1,ppo,final_mf,1,0,0,0.0,6
acrobot-swingup-v6.1,ppo,final_mf,2,0,0,0.0,6
acrobot-swingup-v6.1,ppo,final_mf,3,0,0,0.0,6
acrobot-swingup-v6.1,ppo,final_mf,4,0,0,0.0,6
acrobot-swingup-v6.1,ppo,final_mf,5,0,0,0.0,6
acrobot-swingup-v6.1,sac,final_mf,0,0,0,0.0,6
acrobot-swingup-v6.1,sac,final_mf,1,0,0,0.0,6
acrobot-swingup-v6.1,sac,final_mf,2,0,0,0.0,6
acrobot-swingup-v6.1,sac,final_mf,3,0,0,0.0,6
acrobot-swingup-v6.1,sac,final_mf,4,0,0,0.0,6
acrobot-swingup-v6.1,sac,final_mf,5,0,0,0.0,6
cartpole-two_poles-v2,ct_sac,final_mf,0,0,0,0.0,6
cartpole-two_poles-v2,ct_sac,final_mf,1,0,0,0.0,6
cartpole-two_poles-v2,ct_sac,final_mf,2,0,0,0.0,6
cartpole-two_poles-v2,ct_sac,final_mf,3,0,0,0.0,6
cartpole-two_poles-v2,ct_sac,final_mf,4,0,0,0.0,6
cartpole-two_poles-v2,ct_sac,final_mf,5,0,0,0.0,6
cartpole-two_poles-v2,ct_sac,final_oracle_rollout,0,0,0,0.0,6
cartpole-two_poles-v2,ct_sac,final_oracle_rollout,1,0,0,0.0,6
cartpole-two_poles-v2,ct_sac,final_oracle_rollout,2,0,0,0.0,6
cartpole-two_poles-v2,ct_sac,final_oracle_rollout,3,0,0,0.0,6
cartpole-two_poles-v2,ct_sac,final_oracle_rollout,4,0,0,0.0,6
cartpole-two_poles-v2,ct_sac,final_oracle_rollout,5,0,0,0.0,6
cartpole-two_poles-v2,ct_td3,final_mf,0,0,0,0.0,6
cartpole-two_poles-v2,ct_td3,final_mf,1,0,0,0.0,6
cartpole-two_poles-v2,ct_td3,final_mf,2,0,0,0.0,6
cartpole-two_poles-v2,ct_td3,final_mf,3,0,0,0.0,6
cartpole-two_poles-v2,ct_td3,final_mf,4,0,0,0.0,6
cartpole-two_poles-v2,ct_td3,final_mf,5,0,0,0.0,6
cartpole-two_poles-v2,ppo,final_mf,0,0,0,0.0,6
cartpole-two_poles-v2,ppo,final_mf,1,0,0,0.0,6
cartpole-two_poles-v2,ppo,final_mf,2,0,0,0.0,6
cartpole-two_poles-v2,ppo,final_mf,3,0,0,0.0,6
cartpole-two_poles-v2,ppo,final_mf,4,0,0,0.0,6
cartpole-two_poles-v2,ppo,final_mf,5,0,0,0.0,6
cartpole-two_poles-v2,sac,final_mf,0,3,3,1.0,6
cartpole-two_poles-v2,sac,final_mf,1,1,1,1.0,6
cartpole-two_poles-v2,sac,final_mf,2,0,0,0.5,6
cartpole-two_poles-v2,sac,final_mf,3,4,4,1.0,6
cartpole-two_poles-v2,sac,final_mf,4,0,0,0.3,6
cartpole-two_poles-v2,sac,final_mf,5,2,2,1.0,6
